<span style='font-size: 12px; font-weight: normal; opacity: 0.6;'>Task Type</span>,<span style='visibility: hidden;'>dummy</span>,,,,,,,,,<a id=10 href='https://euroeval.com/tasks/sentiment-classification/' style='font-size: 12px; font-weight: normal; color: Grey; text-decoration: underline;'>Sentiment classification</a>,<a id=11 href='https://euroeval.com/tasks/named-entity-recognition/' style='font-size: 12px; font-weight: normal; color: Grey; text-decoration: underline;'>Named entity recognition</a>,<a id=12 href='https://euroeval.com/tasks/linguistic-acceptability/' style='font-size: 12px; font-weight: normal; color: Grey; text-decoration: underline;'>Linguistic acceptability</a>,<a id=13 href='https://euroeval.com/tasks/reading-comprehension/' style='font-size: 12px; font-weight: normal; color: Grey; text-decoration: underline;'>Reading comprehension</a>,<a id=14 href='https://euroeval.com/tasks/summarization/' style='font-size: 12px; font-weight: normal; color: Grey; text-decoration: underline;'>Summarization</a>,<a id=15 href='https://euroeval.com/tasks/knowledge/' style='font-size: 12px; font-weight: normal; color: Grey; text-decoration: underline;'>Knowledge</a>,<a id=16 href='https://euroeval.com/tasks/common-sense-reasoning/' style='font-size: 12px; font-weight: normal; color: Grey; text-decoration: underline;'>Common sense reasoning</a>,<span style='visibility: hidden;'>hidden</span>,,,,,,
Model,Type,Rank,Parameters,Vocabulary,Context,Commercial,Merge,Open,Trained from scratch,<a href='https://euroeval.com/datasets/albanian#mms-sq'>mms_sq</a>,<a href='https://euroeval.com/datasets/albanian#wikiann-sq'>wikiann_sq</a>,<a href='https://euroeval.com/datasets/albanian#scala-sq'>scala_sq</a>,<a href='https://euroeval.com/datasets/albanian#multi-wiki-qa-sq'>multi_wiki_qa_sq</a>,<a href='https://euroeval.com/datasets/albanian#lr-sum-sq'>lr_sum_sq</a>,<a href='https://euroeval.com/datasets/albanian#global-mmlu-lite-sq'>global_mmlu_lite_sq</a>,<a href='https://euroeval.com/datasets/albanian#winogrande-sq'>winogrande_sq</a>,mms_sq_version,wikiann_sq_version,scala_sq_version,multi_wiki_qa_sq_version,lr_sum_sq_version,global_mmlu_lite_sq_version,winogrande_sq_version
"<a href='https://ai.google.dev/gemini-api/docs/models#gemini-3.1-pro-preview'>gemini/gemini-3.1-pro-preview (zero-shot, val)</a>",🤔,1.19,?,256128.0,1048576.0,✓,✗,✗,✓,29.46 ± 1.60 / 51.62 ± 1.14,80.88 ± 0.63 / 80.88 ± 0.63,78.55 ± 1.06 / 88.80 ± 0.57,55.78 ± 0.67 / 26.67 ± 0.91,32.62 ± 0.17 / 38.46 ± 0.19,95.46 ± 0.84 / 96.56 ± 0.65,85.24 ± 1.88 / 93.20 ± 0.86,16.17.0.dev0,16.17.0.dev0,16.17.0.dev0,16.17.0.dev0,17.0.0.dev0,17.0.0.dev0,17.0.0.dev0
"<a href='https://ai.google.dev/gemini-api/docs/models#gemini-3-pro-preview'>gemini/gemini-3-pro-preview (zero-shot, val)</a>",🤔,1.32,?,256128.0,1048576.0,✓,✗,✗,✓,27.59 ± 3.48 / 50.99 ± 2.27,79.60 ± 1.45 / 79.60 ± 1.45,72.43 ± 5.65 / 85.77 ± 2.81,56.73 ± 0.98 / 26.25 ± 1.29,32.62 ± 0.33 / 38.46 ± 0.38,91.45 ± 1.60 / 93.44 ± 1.28,82.09 ± 2.98 / 91.41 ± 1.50,16.9.0.dev0,16.9.0.dev0,16.9.0.dev0,16.9.0.dev0,16.15.0.dev0,16.9.0.dev0,16.9.0.dev0
"<a href='https://ai.google.dev/gemini-api/docs/models#gemini-3-flash-preview'>gemini/gemini-3-flash-preview#no-thinking (zero-shot, val)</a>",📝,1.46,?,256128.0,1048576.0,✓,✗,✗,✓,32.13 ± 3.70 / 53.92 ± 2.55,74.95 ± 1.15 / 74.95 ± 1.15,64.80 ± 6.37 / 82.11 ± 3.16,53.37 ± 0.86 / 21.12 ± 1.50,32.76 ± 0.25 / 37.96 ± 0.27,90.74 ± 3.68 / 92.97 ± 2.82,69.33 ± 3.49 / 84.45 ± 1.98,16.9.0.dev0,16.9.0.dev0,16.9.0.dev0,16.9.0.dev0,16.15.0.dev0,16.9.0.dev0,16.9.0.dev0
"<a href='https://ai.google.dev/gemini-api/docs/models#gemini-3-flash-preview'>gemini/gemini-3-flash-preview#thinking (zero-shot, val)</a>",🤔,1.53,?,256128.0,1048576.0,✓,✗,✗,✓,25.14 ± 3.31 / 49.17 ± 2.26,78.34 ± 1.03 / 78.34 ± 1.03,59.48 ± 6.82 / 79.30 ± 3.33,54.49 ± 1.31 / 23.85 ± 1.67,28.76 ± 0.26 / 35.50 ± 0.28,96.46 ± 1.83 / 97.34 ± 1.37,75.40 ± 4.24 / 88.36 ± 2.00,16.9.0.dev0,16.9.0.dev0,16.9.0.dev0,16.9.0.dev0,16.15.0.dev0,16.9.0.dev0,16.9.0.dev0
"<a href='https://platform.openai.com/docs/models/gpt-5.4-mini'>openai/gpt-5.4-mini-2026-03-17#high (zero-shot, val)</a>",🤔,1.59,?,?,400000.0,✓,✗,✗,✓,29.39 ± 1.76 / 51.63 ± 1.24,81.55 ± 0.53 / 81.55 ± 0.53,50.57 ± 3.57 / 73.51 ± 1.70,56.77 ± 0.69 / 33.08 ± 0.67,32.14 ± 0.15 / 38.00 ± 0.16,90.23 ± 1.06 / 92.66 ± 0.77,51.85 ± 1.87 / 77.58 ± 0.94,17.0.0.dev0,17.0.0.dev0,17.0.0.dev0,17.0.0.dev0,17.0.0.dev0,17.0.0.dev0,17.0.0.dev0
<a href='https://hf.co/Qwen/Qwen3.5-27B-FP8'>Qwen/Qwen3.5-27B-FP8 (val)</a>,🤔,1.64,24699207680.0,248044.0,8192.0,✓,✗,(✓),✓,25.00 ± 1.42 / 48.95 ± 0.95,81.16 ± 0.86 / 81.16 ± 0.86,47.86 ± 4.42 / 71.56 ± 2.40,48.35 ± 0.82 / 26.46 ± 0.80,34.07 ± 0.18 / 38.89 ± 0.30,74.72 ± 1.99 / 80.94 ± 1.51,79.32 ± 2.14 / 90.55 ± 0.95,17.1.0.dev0,17.1.0.dev0,17.1.0.dev0,17.1.0.dev0,17.1.0.dev0,17.1.0.dev0,17.1.0.dev0
<a href='https://hf.co/google/gemma-4-31B-it'>google/gemma-4-31B-it (val)</a>,📝,1.65,31273088876.0,262144.0,8192.0,✓,✗,(✓),✓,26.65 ± 2.01 / 49.49 ± 1.42,80.13 ± 0.74 / 80.13 ± 0.74,52.54 ± 4.14 / 75.71 ± 2.09,58.86 ± 0.80 / 27.93 ± 1.03,33.78 ± 0.20 / 38.55 ± 0.21,76.50 ± 2.19 / 82.03 ± 1.70,60.30 ± 2.61 / 80.31 ± 1.31,17.1.0.dev0,17.1.0.dev0,17.1.0.dev0,17.1.0.dev0,17.1.0.dev0,17.1.0.dev0,17.1.0.dev0
"<a href='https://docs.anthropic.com/en/docs/about-claude'>claude-sonnet-4-5-20250929#thinking (zero-shot, val)</a>",🤔,1.66,?,?,200000.0,✓,✗,✗,✓,24.43 ± 3.59 / 48.66 ± 2.37,81.30 ± 1.28 / 81.30 ± 1.28,45.78 ± 7.56 / 71.02 ± 3.85,56.55 ± 1.12 / 28.09 ± 1.74,31.94 ± 0.26 / 38.36 ± 0.28,78.39 ± 4.50 / 83.75 ± 3.36,73.76 ± 4.52 / 87.58 ± 2.16,16.9.0.dev0,16.9.0.dev0,16.9.0.dev0,16.9.0.dev0,16.15.0.dev0,16.9.0.dev0,16.9.0.dev0
"<a href='https://platform.openai.com/docs/models/gpt-4.1'>gpt-4.1-2025-04-14 (zero-shot, val)</a>",📝,1.68,?,?,1047576.0,✓,✗,✗,✓,27.07 ± 4.06 / 49.47 ± 2.78,73.89 ± 1.32 / 73.89 ± 1.32,56.90 ± 5.39 / 76.06 ± 3.03,53.87 ± 1.25 / 23.86 ± 1.51,33.78 ± 0.26 / 39.63 ± 0.27,71.79 ± 4.63 / 78.75 ± 3.33,66.31 ± 4.35 / 84.22 ± 2.06,16.9.0.dev0,16.9.0.dev0,16.9.0.dev0,16.9.0.dev0,16.15.0.dev0,16.9.0.dev0,16.9.0.dev0
"<a href='https://ai.google.dev/gemini-api/docs/models#gemini-3.1-flash-lite-preview'>gemini/gemini-3.1-flash-lite-preview (zero-shot, val)</a>",🤔,1.69,?,256128.0,1048576.0,✓,✗,✗,✓,28.43 ± 1.94 / 51.40 ± 1.31,74.15 ± 0.68 / 74.15 ± 0.68,62.30 ± 2.10 / 80.63 ± 1.10,53.27 ± 0.56 / 24.92 ± 0.82,30.36 ± 0.15 / 37.20 ± 0.16,80.13 ± 1.89 / 85.00 ± 1.40,56.89 ± 1.35 / 78.67 ± 0.72,16.17.0.dev0,16.17.0.dev0,16.17.0.dev0,16.17.0.dev0,16.17.0.dev0,16.17.0.dev0,16.17.0.dev0
<a href='https://hf.co/Qwen/Qwen3.5-35B-A3B-FP8'>Qwen/Qwen3.5-35B-A3B-FP8 (val)</a>,🤔,1.75,34453061632.0,248044.0,8192.0,✓,✗,(✓),✓,24.95 ± 1.51 / 49.31 ± 1.04,78.38 ± 0.97 / 78.38 ± 0.97,40.09 ± 3.93 / 67.76 ± 2.00,49.09 ± 0.82 / 30.64 ± 1.00,32.36 ± 0.30 / 36.11 ± 0.38,76.22 ± 1.82 / 81.88 ± 1.34,76.62 ± 1.86 / 89.22 ± 0.83,17.1.0.dev0,17.1.0.dev0,17.1.0.dev0,17.1.0.dev0,17.1.0.dev0,17.1.0.dev0,17.1.0.dev0
"<a href='https://platform.openai.com/docs/models/gpt-5.4-mini'>openai/gpt-5.4-mini-2026-03-17#medium (zero-shot, val)</a>",🤔,1.75,?,?,400000.0,✓,✗,✗,✓,25.23 ± 1.68 / 48.61 ± 1.10,81.85 ± 0.51 / 81.85 ± 0.51,49.30 ± 3.02 / 71.63 ± 1.39,57.48 ± 0.50 / 33.36 ± 0.61,32.19 ± 0.16 / 38.08 ± 0.17,85.57 ± 1.68 / 89.22 ± 1.26,51.30 ± 2.45 / 77.03 ± 1.23,17.0.0.dev0,17.0.0.dev0,17.0.0.dev0,17.0.0.dev0,17.0.0.dev0,17.0.0.dev0,17.0.0.dev0
"<a href='https://platform.openai.com/docs/models/gpt-5.4-mini'>openai/gpt-5.4-mini-2026-03-17#low (zero-shot, val)</a>",🤔,1.79,?,?,400000.0,✓,✗,✗,✓,30.83 ± 1.66 / 52.29 ± 1.18,80.14 ± 0.49 / 80.14 ± 0.49,40.88 ± 4.60 / 66.02 ± 2.26,57.10 ± 0.55 / 31.77 ± 0.84,31.39 ± 0.14 / 37.45 ± 0.15,83.28 ± 2.05 / 87.34 ± 1.54,46.10 ± 2.28 / 73.44 ± 1.08,17.0.0.dev0,17.0.0.dev0,17.0.0.dev0,17.0.0.dev0,17.0.0.dev0,17.0.0.dev0,17.0.0.dev0
"<a href='https://platform.openai.com/docs/models/gpt-5-mini'>gpt-5-mini-2025-08-07 (zero-shot, val)</a>",🤔,1.84,?,100256.0,272000.0,✓,✗,✗,✓,27.51 ± 3.72 / 50.54 ± 2.49,75.37 ± 1.84 / 75.37 ± 1.84,30.58 ± 6.29 / 60.33 ± 2.58,54.85 ± 1.35 / 31.38 ± 1.54,30.74 ± 0.27 / 37.49 ± 0.30,80.27 ± 3.81 / 85.16 ± 2.86,67.69 ± 3.73 / 84.06 ± 1.93,16.9.0.dev0,16.9.0.dev0,16.9.0.dev0,16.9.0.dev0,16.15.0.dev0,16.9.0.dev0,16.9.0.dev0
"<a href='https://docs.x.ai/developers/models/grok-4.20-beta-0309-reasoning'>xai/grok-4.20-beta-0309-reasoning (zero-shot, val)</a>",📝,1.86,?,?,131072.0,✓,✗,✗,✓,22.25 ± 1.34 / 47.32 ± 0.92,77.99 ± 0.53 / 77.99 ± 0.53,46.97 ± 2.85 / 70.88 ± 1.44,32.90 ± 0.48 / 6.33 ± 0.36,33.48 ± 0.19 / 39.11 ± 0.21,86.06 ± 1.94 / 89.53 ± 1.46,63.48 ± 2.67 / 83.05 ± 1.10,16.17.0.dev0,16.17.0.dev0,16.17.0.dev0,16.17.0.dev0,16.17.0.dev0,16.17.0.dev0,16.17.0.dev0
"<a href='https://docs.x.ai/docs/models'>xai/grok-4-1-fast-reasoning (zero-shot, val)</a>",🤔,1.86,?,?,131072.0,✓,✗,✗,✓,21.85 ± 1.68 / 45.91 ± 1.24,74.73 ± 0.64 / 74.73 ± 0.64,41.29 ± 3.57 / 69.78 ± 1.96,56.48 ± 0.63 / 31.00 ± 0.71,32.17 ± 0.15 / 37.70 ± 0.17,79.36 ± 2.07 / 84.69 ± 1.54,64.77 ± 1.47 / 82.81 ± 0.62,16.17.0.dev0,16.17.0.dev0,16.17.0.dev0,16.17.0.dev0,16.17.0.dev0,16.17.0.dev0,16.17.0.dev0
"<a href='https://platform.openai.com/docs/models/gpt-5.4-mini'>openai/gpt-5.4-mini-2026-03-17#none (zero-shot, val)</a>",🤔,1.86,?,?,400000.0,✓,✗,✗,✓,26.07 ± 1.19 / 49.53 ± 0.78,75.89 ± 0.72 / 75.89 ± 0.72,51.74 ± 2.77 / 74.71 ± 1.24,57.88 ± 0.70 / 33.72 ± 0.91,32.08 ± 0.13 / 37.87 ± 0.14,76.49 ± 2.13 / 82.34 ± 1.53,36.27 ± 2.19 / 68.75 ± 1.11,17.0.0.dev0,17.0.0.dev0,17.0.0.dev0,17.0.0.dev0,17.0.0.dev0,17.0.0.dev0,17.0.0.dev0
"<a href='https://docs.anthropic.com/en/docs/about-claude'>claude-sonnet-4-6 (zero-shot, val)</a>",🤔,1.87,?,?,?,✓,✗,✗,✓,30.21 ± 1.57 / 52.51 ± 1.11,73.41 ± 0.66 / 73.41 ± 0.66,37.65 ± 4.72 / 68.36 ± 2.32,57.37 ± 0.56 / 32.56 ± 0.97,30.84 ± 0.18 / 37.45 ± 0.21,81.24 ± 1.34 / 85.78 ± 0.97,52.05 ± 2.68 / 75.94 ± 1.29,16.17.0.dev0,16.17.0.dev0,16.17.0.dev0,16.17.0.dev0,16.17.0.dev0,16.17.0.dev0,16.17.0.dev0
"<a href='https://platform.openai.com/docs/models/gpt-5.2'>gpt-5.2-2025-12-11 (zero-shot, val)</a>",🤔,1.88,?,?,?,✓,✗,✗,✓,28.93 ± 3.08 / 50.39 ± 2.21,72.38 ± 1.59 / 72.38 ± 1.59,39.85 ± 6.03 / 69.56 ± 2.98,55.91 ± 1.08 / 25.07 ± 1.67,30.16 ± 0.29 / 37.05 ± 0.32,75.51 ± 4.76 / 81.41 ± 3.61,48.71 ± 4.60 / 75.39 ± 1.90,16.9.0.dev0,16.9.0.dev0,16.9.0.dev0,16.9.0.dev0,16.15.0.dev0,16.9.0.dev0,16.9.0.dev0
<a href='https://hf.co/google/gemma-3-27b-it'>google/gemma-3-27b-it</a>,📝,1.91,27432406640.0,262144.0,8192.0,✓,✗,(✓),✓,29.39 ± 0.72 / 51.55 ± 0.42,72.56 ± 1.34 / 72.56 ± 1.34,48.65 ± 4.91 / 73.91 ± 2.62,59.37 ± 1.31 / 33.22 ± 1.50,32.47 ± 0.13 / 37.41 ± 0.09,62.47 ± 2.72 / 71.73 ± 2.05,40.35 ± 2.12 / 70.14 ± 1.08,16.9.0.dev0,16.9.0.dev0,16.9.0.dev0,16.9.0.dev0,16.15.0.dev0,16.9.0.dev0,16.9.0.dev0
<a href='https://hf.co/mistralai/Mistral-Small-3.2-24B-Instruct-2506'>mistralai/Mistral-Small-3.2-24B-Instruct-2506</a>,📝,1.92,24011361280.0,131072.0,8192.0,✓,✗,(✓),✓,29.62 ± 0.70 / 51.74 ± 0.64,78.70 ± 1.29 / 78.70 ± 1.29,35.44 ± 3.61 / 66.12 ± 1.65,70.50 ± 1.42 / 48.75 ± 0.89,33.61 ± 0.37 / 38.16 ± 0.65,54.43 ± 2.41 / 65.57 ± 1.94,31.81 ± 2.66 / 65.91 ± 1.35,16.9.0.dev0,16.9.0.dev0,16.9.0.dev0,16.9.0.dev0,16.15.0.dev0,16.9.0.dev0,16.9.0.dev0
"<a href='https://platform.openai.com/docs/models/gpt-5.4-nano'>openai/gpt-5.4-nano-2026-03-17#high (zero-shot, val)</a>",🤔,1.92,?,?,400000.0,✓,✗,✗,✓,29.38 ± 1.34 / 51.91 ± 0.91,77.01 ± 0.53 / 77.01 ± 0.53,28.21 ± 2.61 / 61.06 ± 1.07,53.52 ± 0.64 / 28.32 ± 0.80,28.96 ± 0.14 / 36.11 ± 0.16,83.27 ± 1.80 / 87.34 ± 1.37,48.73 ± 1.98 / 74.22 ± 0.98,17.0.0.dev0,17.0.0.dev0,17.0.0.dev0,17.0.0.dev0,17.0.0.dev0,17.0.0.dev0,17.0.0.dev0
<a href='https://hf.co/mistralai/Mistral-Small-3.1-24B-Instruct-2503'>mistralai/Mistral-Small-3.1-24B-Instruct-2503</a>,📝,1.94,24011361280.0,131072.0,8192.0,✓,✗,(✓),✓,30.53 ± 0.89 / 51.00 ± 0.74,76.57 ± 1.44 / 76.57 ± 1.44,35.95 ± 3.76 / 67.52 ± 1.77,65.70 ± 1.49 / 42.40 ± 1.31,34.73 ± 0.20 / 39.77 ± 0.28,54.89 ± 2.35 / 66.06 ± 1.85,34.74 ± 1.83 / 67.31 ± 0.93,16.9.0.dev0,16.9.0.dev0,16.9.0.dev0,16.9.0.dev0,16.15.0.dev0,16.9.0.dev0,16.9.0.dev0
<a href='https://hf.co/Qwen/Qwen3-32B'>Qwen/Qwen3-32B#no-thinking</a>,📝,1.95,32762123264.0,151936.0,40960.0,✓,✗,✗,✓,28.61 ± 1.16 / 51.66 ± 0.74,73.34 ± 1.57 / 73.34 ± 1.57,37.28 ± 5.94 / 67.95 ± 3.33,67.72 ± 0.95 / 42.87 ± 1.61,33.48 ± 0.10 / 38.30 ± 0.09,60.58 ± 1.45 / 70.32 ± 1.09,32.85 ± 1.59 / 66.35 ± 0.77,16.9.0.dev0,16.9.0.dev0,16.9.0.dev0,16.9.0.dev0,16.15.0.dev0,16.9.0.dev0,16.9.0.dev0
<a href='https://hf.co/mistralai/Voxtral-Small-24B-2507'>mistralai/Voxtral-Small-24B-2507</a>,📝,1.96,24261800960.0,131072.0,8192.0,✓,✗,(✓),✓,27.11 ± 0.89 / 49.13 ± 0.80,77.71 ± 1.49 / 77.71 ± 1.49,34.79 ± 5.80 / 65.86 ± 2.86,67.29 ± 2.51 / 46.92 ± 1.61,32.68 ± 0.90 / 35.63 ± 1.64,58.58 ± 2.36 / 68.79 ± 1.79,38.09 ± 2.48 / 69.01 ± 1.25,16.9.0.dev0,16.9.0.dev0,16.9.0.dev0,16.9.0.dev0,16.15.0.dev0,16.9.0.dev0,16.9.0.dev0
"<a href='https://platform.openai.com/docs/models/gpt-5.4-nano'>openai/gpt-5.4-nano-2026-03-17#medium (zero-shot, val)</a>",🤔,2.02,?,?,400000.0,✓,✗,✗,✓,26.67 ± 1.41 / 50.25 ± 0.97,76.25 ± 0.62 / 76.25 ± 0.62,46.20 ± 3.10 / 71.48 ± 1.36,53.93 ± 0.56 / 29.13 ± 0.52,28.76 ± 0.14 / 35.87 ± 0.15,76.15 ± 1.52 / 82.19 ± 1.12,35.59 ± 2.26 / 67.58 ± 1.12,17.0.0.dev0,17.0.0.dev0,17.0.0.dev0,17.0.0.dev0,17.0.0.dev0,17.0.0.dev0,17.0.0.dev0
"<a href='https://platform.openai.com/docs/models/gpt-5-nano'>gpt-5-nano-2025-08-07 (zero-shot, val)</a>",🤔,2.05,?,100256.0,272000.0,✓,✗,✗,✓,24.37 ± 3.16 / 48.47 ± 2.15,76.19 ± 1.24 / 76.19 ± 1.24,45.11 ± 4.02 / 68.88 ± 2.53,53.45 ± 1.04 / 26.55 ± 1.95,26.48 ± 0.27 / 33.75 ± 0.30,84.63 ± 3.04 / 88.44 ± 2.25,34.51 ± 4.80 / 67.50 ± 2.61,16.9.0.dev0,16.9.0.dev0,16.9.0.dev0,16.9.0.dev0,16.15.0.dev0,16.9.0.dev0,16.9.0.dev0
"<a href='https://ai.google.dev/gemini-api/docs/models#gemini-2.5-flash-lite'>gemini/gemini-2.5-flash-lite#thinking (zero-shot, val)</a>",🤔,2.06,?,256128.0,1048576.0,✓,✗,✗,✓,25.93 ± 2.76 / 49.13 ± 2.05,63.10 ± 2.45 / 63.10 ± 2.45,34.40 ± 5.76 / 66.97 ± 2.79,60.32 ± 1.13 / 35.33 ± 1.69,29.49 ± 0.30 / 36.98 ± 0.35,78.77 ± 3.53 / 83.91 ± 2.70,52.48 ± 4.95 / 77.97 ± 2.37,16.9.0.dev0,16.9.0.dev0,16.9.0.dev0,16.9.0.dev0,16.15.0.dev0,16.9.0.dev0,16.9.0.dev0
<a href='https://hf.co/google/gemma-4-26B-A4B-it'>google/gemma-4-26B-A4B-it (val)</a>,📝,2.08,25805936206.0,262144.0,8192.0,✓,✗,(✓),✓,26.10 ± 1.86 / 49.23 ± 1.31,78.33 ± 0.83 / 78.33 ± 0.83,36.80 ± 4.36 / 67.16 ± 2.31,57.92 ± 0.61 / 27.02 ± 0.90,33.26 ± 0.15 / 38.56 ± 0.16,65.87 ± 2.88 / 74.22 ± 2.11,24.02 ± 3.95 / 63.44 ± 1.86,17.1.0.dev0,17.1.0.dev0,17.1.0.dev0,17.1.0.dev0,17.1.0.dev0,17.1.0.dev0,17.1.0.dev0
<a href='https://hf.co/google/gemma-3-27b-pt'>google/gemma-3-27b-pt</a>,🧠,2.08,27432406640.0,262144.0,8192.0,✓,✗,(✓),✓,16.79 ± 1.71 / 42.02 ± 2.43,79.15 ± 1.85 / 79.15 ± 1.85,45.89 ± 4.90 / 71.59 ± 2.71,66.54 ± 2.06 / 42.11 ± 1.71,27.59 ± 1.82 / 28.61 ± 2.39,66.56 ± 1.72 / 74.95 ± 1.30,38.58 ± 1.60 / 69.21 ± 0.76,16.9.0.dev0,16.9.0.dev0,16.9.0.dev0,16.9.0.dev0,16.15.0.dev0,16.9.0.dev0,16.9.0.dev0
<a href='https://hf.co/deepcogito/cogito-v2-preview-llama-70B'>deepcogito/cogito-v2-preview-llama-70B</a>,📝,2.10,70553706496.0,128256.0,131072.0,✓,✗,(✓),✗,28.08 ± 1.01 / 51.11 ± 0.63,76.57 ± 1.55 / 76.57 ± 1.55,47.06 ± 4.87 / 72.93 ± 2.47,18.09 ± 1.31 / 0.20 ± 0.20,34.09 ± 0.14 / 38.63 ± 0.16,67.10 ± 1.39 / 75.17 ± 1.08,43.92 ± 2.15 / 71.94 ± 1.09,16.9.0.dev0,16.9.0.dev0,16.9.0.dev0,16.9.0.dev0,16.15.0.dev0,16.9.0.dev0,16.9.0.dev0
<a href='https://hf.co/Qwen/Qwen3.5-35B-A3B-Base'>Qwen/Qwen3.5-35B-A3B-Base (val)</a>,🤔,2.11,35951817904.0,248044.0,8192.0,✓,✗,(✓),✓,25.75 ± 1.98 / 48.86 ± 1.33,73.28 ± 1.01 / 73.28 ± 1.01,37.24 ± 4.52 / 68.23 ± 2.20,60.45 ± 0.94 / 39.82 ± 1.07,31.08 ± 0.41 / 37.35 ± 0.34,81.10 ± 2.57 / 85.78 ± 1.96,21.51 ± 4.40 / 60.31 ± 3.30,17.1.0.dev0,17.1.0.dev0,17.1.0.dev0,17.1.0.dev0,17.1.0.dev0,17.1.0.dev0,17.1.0.dev0
"<a href='https://ai.google.dev/gemini-api/docs/models#gemini-2.5-flash-lite'>gemini/gemini-2.5-flash-lite#no-thinking (zero-shot, val)</a>",📝,2.11,?,256128.0,1048576.0,✓,✗,✗,✓,23.92 ± 3.09 / 47.61 ± 2.19,71.05 ± 1.96 / 71.05 ± 1.96,42.85 ± 5.31 / 65.40 ± 3.33,55.53 ± 1.11 / 32.21 ± 1.80,34.05 ± 0.37 / 39.62 ± 0.41,63.69 ± 6.21 / 72.50 ± 4.66,29.06 ± 3.14 / 66.41 ± 1.68,16.9.0.dev0,16.9.0.dev0,16.9.0.dev0,16.9.0.dev0,16.15.0.dev0,16.9.0.dev0,16.9.0.dev0
<a href='https://hf.co/Qwen/Qwen3.5-9B'>Qwen/Qwen3.5-9B (val)</a>,🤔,2.12,9653100528.0,248044.0,8192.0,✓,✗,(✓),✓,22.25 ± 3.26 / 47.89 ± 1.93,73.98 ± 2.86 / 73.98 ± 2.86,33.50 ± 9.41 / 64.31 ± 4.15,27.25 ± 2.15 / 16.97 ± 1.80,32.94 ± 0.64 / 37.72 ± 1.08,76.91 ± 6.63 / 82.66 ± 4.88,60.44 ± 5.06 / 81.80 ± 2.48,16.17.0.dev0,16.17.0.dev0,16.17.0.dev0,16.17.0.dev0,16.17.0.dev0,16.17.0.dev0,16.17.0.dev0
<a href='https://hf.co/Qwen/Qwen3.5-9B-Base'>Qwen/Qwen3.5-9B-Base (val)</a>,🧠,2.13,9653100528.0,248044.0,8192.0,✓,✗,(✓),✓,29.94 ± 1.55 / 40.11 ± 1.03,79.50 ± 1.22 / 79.50 ± 1.22,35.68 ± 4.73 / 64.23 ± 2.87,70.80 ± 0.95 / 49.06 ± 1.21,26.49 ± 1.30 / 27.14 ± 1.56,59.22 ± 3.35 / 68.91 ± 2.49,12.95 ± 2.42 / 46.64 ± 1.22,17.1.0.dev0,17.1.0.dev0,17.1.0.dev0,17.1.0.dev0,17.1.0.dev0,17.1.0.dev0,17.1.0.dev0
<a href='https://hf.co/Qwen/Qwen3-14B'>Qwen/Qwen3-14B#no-thinking</a>,📝,2.15,14768307200.0,151936.0,40960.0,✓,✗,✗,✓,27.82 ± 1.20 / 50.79 ± 0.72,74.87 ± 1.46 / 74.87 ± 1.46,35.68 ± 7.18 / 63.20 ± 4.38,68.40 ± 0.96 / 46.08 ± 1.24,33.70 ± 0.21 / 38.52 ± 0.21,50.86 ± 2.21 / 63.12 ± 1.69,19.22 ± 1.68 / 59.38 ± 0.79,16.9.0.dev0,16.9.0.dev0,16.9.0.dev0,16.9.0.dev0,16.15.0.dev0,16.9.0.dev0,16.9.0.dev0
"<a href='https://docs.anthropic.com/en/docs/about-claude'>claude-haiku-4-5-20251001 (zero-shot, val)</a>",🤔,2.18,?,?,200000.0,✓,✗,✗,✓,25.74 ± 2.73 / 48.00 ± 1.95,69.39 ± 1.51 / 69.39 ± 1.51,33.24 ± 3.59 / 65.64 ± 1.69,57.90 ± 0.84 / 25.34 ± 1.15,31.97 ± 0.36 / 38.53 ± 0.40,61.70 ± 6.67 / 70.94 ± 4.96,31.71 ± 5.88 / 67.97 ± 2.95,16.9.0.dev0,16.9.0.dev0,16.9.0.dev0,16.9.0.dev0,16.15.0.dev0,16.9.0.dev0,16.9.0.dev0
"<a href='https://docs.anthropic.com/en/docs/about-claude'>claude-sonnet-4-5-20250929#no-thinking (zero-shot, val)</a>",📝,2.19,?,?,200000.0,✓,✗,✗,✓,25.33 ± 1.76 / 45.72 ± 1.64,73.44 ± 1.43 / 73.44 ± 1.43,5.97 ± 7.44 / 41.24 ± 3.55,57.85 ± 0.80 / 29.33 ± 1.41,34.68 ± 0.34 / 39.54 ± 0.37,58.61 ± 4.92 / 67.97 ± 3.72,51.97 ± 4.70 / 70.86 ± 2.78,16.9.0.dev0,16.9.0.dev0,16.9.0.dev0,16.9.0.dev0,16.15.0.dev0,16.9.0.dev0,16.9.0.dev0
<a href='https://hf.co/mistralai/Mistral-Small-3.1-24B-Base-2503'>mistralai/Mistral-Small-3.1-24B-Base-2503</a>,🧠,2.19,24011361280.0,131072.0,8192.0,✓,✗,(✓),✓,26.85 ± 0.72 / 47.60 ± 1.27,80.49 ± 1.08 / 80.49 ± 1.08,24.49 ± 4.34 / 51.84 ± 5.70,68.80 ± 2.20 / 45.30 ± 2.19,24.41 ± 2.22 / 25.27 ± 3.04,59.22 ± 3.07 / 69.36 ± 2.33,33.56 ± 1.85 / 66.78 ± 0.91,16.9.0.dev0,16.9.0.dev0,16.9.0.dev0,16.9.0.dev0,16.15.0.dev0,16.9.0.dev0,16.9.0.dev0
<a href='https://hf.co/mistralai/Ministral-3-14B-Instruct-2512'>mistralai/Ministral-3-14B-Instruct-2512 (val)</a>,📝,2.21,12163481600.0,131072.0,8192.0,✓,✗,(✓),✓,23.24 ± 1.57 / 48.41 ± 1.02,76.15 ± 0.73 / 76.15 ± 0.73,27.64 ± 3.83 / 59.43 ± 2.06,65.11 ± 1.33 / 45.36 ± 1.36,32.41 ± 0.79 / 37.20 ± 0.93,56.11 ± 2.46 / 67.34 ± 1.87,25.30 ± 1.73 / 62.42 ± 0.98,17.0.0.dev0,17.0.0.dev0,17.0.0.dev0,17.0.0.dev0,17.0.0.dev0,17.0.0.dev0,17.0.0.dev0
<a href='https://hf.co/zai-org/GLM-4.7-Flash'>zai-org/GLM-4.7-Flash (val)</a>,🤔,2.21,31221485568.0,154880.0,202752.0,✓,✗,✗,✓,21.43 ± 2.07 / 47.08 ± 1.33,79.08 ± 0.87 / 79.08 ± 0.87,23.24 ± 3.40 / 60.88 ± 1.79,56.59 ± 0.62 / 31.51 ± 1.19,31.40 ± 0.36 / 35.43 ± 0.31,69.44 ± 2.39 / 77.03 ± 1.88,33.97 ± 2.56 / 69.61 ± 1.02,17.1.0.dev0,17.1.0.dev0,17.1.0.dev0,17.1.0.dev0,17.1.0.dev0,17.1.0.dev0,17.1.0.dev0
<a href='https://hf.co/mistralai/Ministral-3-8B-Instruct-2512'>mistralai/Ministral-3-8B-Instruct-2512 (val)</a>,📝,2.24,7415529472.0,131072.0,8192.0,✓,✗,(✓),✓,19.56 ± 1.57 / 43.50 ± 0.75,76.27 ± 0.86 / 76.27 ± 0.86,39.24 ± 3.99 / 67.92 ± 1.92,62.31 ± 1.10 / 41.96 ± 1.03,33.01 ± 0.17 / 38.49 ± 0.19,53.08 ± 3.71 / 64.22 ± 2.91,16.92 ± 1.93 / 61.41 ± 1.45,17.0.0.dev0,17.0.0.dev0,17.0.0.dev0,17.0.0.dev0,17.0.0.dev0,17.0.0.dev0,17.0.0.dev0
<a href='https://hf.co/Unbabel/Tower-Plus-72B'>Unbabel/Tower-Plus-72B (val)</a>,📝,2.24,72706203648.0,152064.0,32768.0,✗,✗,(✓),✗,18.42 ± 3.06 / 43.29 ± 2.19,77.35 ± 2.01 / 77.35 ± 2.01,21.57 ± 9.67 / 60.32 ± 4.66,65.15 ± 1.42 / 38.76 ± 2.20,36.02 ± 0.29 / 40.82 ± 0.33,65.96 ± 4.99 / 74.53 ± 3.74,11.17 ± 5.44 / 58.05 ± 2.59,16.16.1.dev0,16.16.1.dev0,16.16.1.dev0,16.16.1.dev0,16.17.0.dev0,16.16.1.dev0,16.16.1.dev0
"<a href='https://platform.openai.com/docs/models/gpt-5.4-nano'>openai/gpt-5.4-nano-2026-03-17#low (zero-shot, val)</a>",🤔,2.24,?,?,400000.0,✓,✗,✗,✓,25.45 ± 1.39 / 48.87 ± 0.97,74.94 ± 0.74 / 74.94 ± 0.74,34.92 ± 3.28 / 66.90 ± 1.62,54.33 ± 0.60 / 29.73 ± 0.83,29.01 ± 0.13 / 36.10 ± 0.15,74.48 ± 2.17 / 80.62 ± 1.65,17.60 ± 3.20 / 58.98 ± 1.55,17.0.0.dev0,17.0.0.dev0,17.0.0.dev0,17.0.0.dev0,17.0.0.dev0,17.0.0.dev0,17.0.0.dev0
<a href='https://hf.co/google/gemma-3-12b-pt'>google/gemma-3-12b-pt</a>,🧠,2.24,12187325040.0,262144.0,8192.0,✓,✗,(✓),✓,17.35 ± 1.84 / 42.52 ± 2.25,78.97 ± 1.27 / 78.97 ± 1.27,41.46 ± 5.97 / 67.55 ± 4.44,66.71 ± 2.86 / 46.75 ± 2.15,26.86 ± 1.89 / 27.65 ± 2.36,54.77 ± 1.91 / 66.04 ± 1.45,34.67 ± 2.56 / 67.34 ± 1.29,16.9.0.dev0,16.9.0.dev0,16.9.0.dev0,16.9.0.dev0,16.15.0.dev0,16.9.0.dev0,16.9.0.dev0
<a href='https://hf.co/google/gemma-4-E4B-it'>google/gemma-4-E4B-it (val)</a>,📝,2.25,7996157418.0,262144.0,8192.0,✓,✗,(✓),✓,21.76 ± 2.19 / 47.19 ± 1.38,75.39 ± 0.98 / 75.39 ± 0.98,31.38 ± 3.45 / 64.64 ± 1.85,61.55 ± 0.84 / 32.71 ± 0.97,33.75 ± 0.20 / 38.87 ± 0.20,37.09 ± 2.81 / 53.28 ± 2.05,34.00 ± 1.71 / 66.41 ± 0.66,17.1.0.dev0,17.1.0.dev0,17.1.0.dev0,17.1.0.dev0,17.1.0.dev0,17.1.0.dev0,17.1.0.dev0
<a href='https://hf.co/meta-llama/Llama-3.3-70B-Instruct'>meta-llama/Llama-3.3-70B-Instruct</a>,📝,2.27,70553706496.0,128256.0,131072.0,✓,✗,(✓),✓,26.67 ± 0.88 / 50.56 ± 0.50,74.93 ± 1.54 / 74.93 ± 1.54,40.17 ± 6.31 / 66.18 ± 3.75,16.07 ± 1.50 / 0.99 ± 0.35,32.01 ± 0.46 / 34.12 ± 0.71,62.37 ± 1.72 / 71.53 ± 1.43,44.35 ± 2.73 / 71.86 ± 1.41,16.9.0.dev0,16.9.0.dev0,16.9.0.dev0,16.9.0.dev0,16.17.0.dev0,16.9.0.dev0,16.9.0.dev0
<a href='https://hf.co/meta-llama/Llama-3.1-70B'>meta-llama/Llama-3.1-70B</a>,🧠,2.29,70553706496.0,128256.0,131072.0,✓,✗,(✓),✓,23.82 ± 2.16 / 44.45 ± 2.26,75.20 ± 1.96 / 75.20 ± 1.96,25.87 ± 5.20 / 62.45 ± 2.61,67.18 ± 1.62 / 43.28 ± 1.32,25.07 ± 2.18 / 25.99 ± 2.67,55.63 ± 3.57 / 66.58 ± 2.76,40.07 ± 1.70 / 70.02 ± 0.86,16.9.0.dev0,16.9.0.dev0,16.9.0.dev0,16.9.0.dev0,16.15.0.dev0,16.9.0.dev0,16.9.0.dev0
<a href='https://hf.co/openai/gpt-oss-20b'>openai/gpt-oss-20b#medium</a>,🤔,2.30,21511953984.0,201088.0,131072.0,✓,✗,✗,✓,27.91 ± 1.00 / 51.18 ± 0.70,72.27 ± 1.41 / 72.27 ± 1.41,33.53 ± 3.43 / 63.50 ± 2.10,52.63 ± 0.60 / 30.18 ± 1.13,26.55 ± 0.63 / 33.11 ± 0.53,67.55 ± 1.76 / 75.67 ± 1.35,26.30 ± 3.16 / 63.11 ± 1.63,16.11.0.dev0,16.11.0.dev0,16.11.0.dev0,16.11.0.dev0,16.15.0.dev0,16.11.0.dev0,16.11.0.dev0
<a href='https://hf.co/Qwen/Qwen3-4B-Thinking-2507'>Qwen/Qwen3-4B-Thinking-2507</a>,🤔,2.33,4022468096.0,151936.0,262144.0,✓,✗,✗,✓,24.39 ± 1.48 / 49.07 ± 1.10,73.58 ± 1.79 / 73.58 ± 1.79,18.90 ± 4.71 / 46.14 ± 2.79,58.00 ± 0.92 / 37.89 ± 1.23,31.17 ± 0.69 / 36.21 ± 0.51,60.43 ± 3.23 / 70.27 ± 2.43,29.79 ± 1.72 / 64.84 ± 0.90,16.14.0.dev0,16.14.0.dev0,16.14.0.dev0,16.14.0.dev0,16.16.1.dev0,16.14.0.dev0,16.14.0.dev0
<a href='https://hf.co/google/gemma-3-12b-it'>google/gemma-3-12b-it</a>,📝,2.34,12187325040.0,262144.0,8192.0,✓,✗,(✓),✓,26.85 ± 1.39 / 49.79 ± 0.99,73.23 ± 1.56 / 73.23 ± 1.56,39.68 ± 5.07 / 69.15 ± 2.66,31.18 ± 7.85 / 11.49 ± 7.39,32.89 ± 0.15 / 37.41 ± 0.16,49.98 ± 1.88 / 62.35 ± 1.46,26.95 ± 1.88 / 63.47 ± 0.94,16.9.0.dev0,16.9.0.dev0,16.9.0.dev0,16.9.0.dev0,16.15.0.dev0,16.9.0.dev0,16.9.0.dev0
<a href='https://hf.co/mistralai/Ministral-3-14B-Base-2512'>mistralai/Ministral-3-14B-Base-2512 (val)</a>,🧠,2.34,13945031680.0,131072.0,8192.0,✓,✗,(✓),✓,21.36 ± 1.68 / 45.76 ± 1.50,81.01 ± 0.73 / 81.01 ± 0.73,32.46 ± 5.36 / 61.96 ± 3.92,67.94 ± 1.02 / 42.43 ± 1.51,23.60 ± 1.97 / 24.36 ± 2.40,49.23 ± 2.48 / 62.50 ± 1.85,24.26 ± 2.74 / 61.56 ± 1.29,17.0.0.dev0,17.0.0.dev0,17.0.0.dev0,17.0.0.dev0,17.0.0.dev0,17.0.0.dev0,17.0.0.dev0
<a href='https://hf.co/swiss-ai/Apertus-70B-Instruct-2509'>swiss-ai/Apertus-70B-Instruct-2509</a>,📝,2.34,70599864480.0,131072.0,65536.0,✗,✗,(✓),✗,24.90 ± 0.90 / 48.67 ± 0.73,75.10 ± 0.93 / 75.10 ± 0.93,33.29 ± 4.52 / 65.08 ± 3.29,55.20 ± 3.72 / 33.26 ± 2.71,33.87 ± 0.07 / 39.20 ± 0.07,42.79 ± 2.00 / 54.73 ± 1.92,17.70 ± 1.73 / 58.78 ± 0.81,16.9.0.dev0,16.9.0.dev0,16.9.0.dev0,16.9.0.dev0,17.0.0.dev0,16.9.0.dev0,16.9.0.dev0
<a href='https://hf.co/google/gemma-3n-E4B-it'>google/gemma-3n-E4B-it</a>,📝,2.35,7849978192.0,262400.0,8192.0,✓,✗,(✓),✓,27.43 ± 0.70 / 50.36 ± 0.47,74.29 ± 1.30 / 74.29 ± 1.30,27.27 ± 5.68 / 62.46 ± 2.88,57.62 ± 1.20 / 28.90 ± 2.15,32.75 ± 0.08 / 38.06 ± 0.11,42.18 ± 1.65 / 56.26 ± 1.36,21.80 ± 1.33 / 60.92 ± 0.69,16.9.0.dev0,16.9.0.dev0,16.9.0.dev0,16.9.0.dev0,16.14.0.dev0,16.9.0.dev0,16.9.0.dev0
<a href='https://hf.co/Qwen/Qwen3-8B'>Qwen/Qwen3-8B#no-thinking</a>,📝,2.36,8190735360.0,151936.0,40960.0,✓,✗,✗,✓,26.25 ± 1.18 / 48.53 ± 0.95,73.47 ± 1.25 / 73.47 ± 1.25,21.22 ± 5.38 / 56.89 ± 3.11,63.62 ± 1.13 / 39.69 ± 1.40,33.50 ± 0.17 / 38.26 ± 0.16,43.20 ± 2.24 / 57.15 ± 1.77,15.77 ± 1.89 / 57.85 ± 0.89,16.9.0.dev0,16.9.0.dev0,16.9.0.dev0,16.9.0.dev0,16.15.0.dev0,16.9.0.dev0,16.9.0.dev0
<a href='https://hf.co/Qwen/Qwen3-30B-A3B-Instruct-2507'>Qwen/Qwen3-30B-A3B-Instruct-2507</a>,📝,2.41,30532122624.0,151936.0,262144.0,✓,✗,✗,✓,28.48 ± 0.70 / 51.47 ± 0.55,71.88 ± 2.11 / 71.88 ± 2.11,33.12 ± 4.22 / 66.28 ± 2.07,26.61 ± 0.98 / 0.00 ± 0.00,32.98 ± 0.13 / 37.77 ± 0.15,56.56 ± 2.53 / 67.25 ± 1.89,25.22 ± 1.35 / 62.65 ± 0.68,16.9.0.dev0,16.9.0.dev0,16.9.0.dev0,16.9.0.dev0,16.15.0.dev0,16.9.0.dev0,16.9.0.dev0
<a href='https://hf.co/Qwen/Qwen2.5-72B-Instruct'>Qwen/Qwen2.5-72B-Instruct</a>,📝,2.42,72706203648.0,152064.0,32768.0,✓,✗,(✓),✓,27.12 ± 1.05 / 50.94 ± 0.76,73.42 ± 1.17 / 73.42 ± 1.17,26.46 ± 4.45 / 62.52 ± 2.27,29.64 ± 1.24 / 5.55 ± 2.06,33.63 ± 0.08 / 38.57 ± 0.09,61.66 ± 3.01 / 70.99 ± 2.32,23.12 ± 1.98 / 61.59 ± 0.95,16.9.0.dev0,16.9.0.dev0,16.9.0.dev0,16.9.0.dev0,16.17.0.dev0,16.9.0.dev0,16.9.0.dev0
<a href='https://hf.co/Qwen/Qwen3.5-4B'>Qwen/Qwen3.5-4B (val)</a>,🤔,2.43,4659861248.0,248044.0,8192.0,✓,✗,(✓),✓,18.68 ± 4.81 / 45.06 ± 3.01,70.00 ± 2.49 / 70.00 ± 2.49,18.46 ± 6.89 / 50.96 ± 5.13,28.07 ± 2.00 / 18.69 ± 1.44,29.86 ± 1.11 / 34.58 ± 1.11,71.32 ± 4.84 / 78.28 ± 3.67,48.90 ± 7.95 / 76.80 ± 3.42,16.17.0.dev0,16.17.0.dev0,16.17.0.dev0,16.17.0.dev0,16.17.0.dev0,16.17.0.dev0,16.17.0.dev0
<a href='https://hf.co/deepcogito/cogito-v1-preview-qwen-32B'>deepcogito/cogito-v1-preview-qwen-32B</a>,📝,2.43,32759790592.0,151665.0,131072.0,✓,✗,(✓),✗,26.83 ± 1.10 / 49.22 ± 0.74,75.41 ± 1.53 / 75.41 ± 1.53,32.74 ± 5.13 / 64.06 ± 2.96,27.74 ± 1.09 / 0.11 ± 0.07,33.69 ± 0.21 / 37.99 ± 0.39,56.94 ± 1.93 / 67.52 ± 1.51,16.41 ± 1.49 / 58.24 ± 0.74,16.9.0.dev0,16.9.0.dev0,16.9.0.dev0,16.9.0.dev0,16.15.0.dev0,16.9.0.dev0,16.9.0.dev0
<a href='https://hf.co/openai/gpt-oss-20b'>openai/gpt-oss-20b#low</a>,🤔,2.46,21511953984.0,201088.0,131072.0,✓,✗,✗,✓,21.41 ± 1.80 / 42.85 ± 2.07,73.44 ± 1.77 / 73.44 ± 1.77,33.98 ± 5.04 / 61.41 ± 2.94,52.18 ± 0.67 / 28.90 ± 1.19,26.98 ± 0.83 / 33.30 ± 0.55,54.62 ± 2.78 / 65.89 ± 2.07,17.17 ± 2.26 / 58.63 ± 1.14,16.11.0.dev0,16.11.0.dev0,16.11.0.dev0,16.11.0.dev0,16.15.0.dev0,16.11.0.dev0,16.11.0.dev0
<a href='https://hf.co/Qwen/Qwen3.5-4B-Base'>Qwen/Qwen3.5-4B-Base (val)</a>,🧠,2.47,4659861248.0,248044.0,8192.0,✓,✗,(✓),✓,25.04 ± 1.58 / 37.92 ± 0.88,78.05 ± 1.17 / 78.05 ± 1.17,14.30 ± 5.13 / 44.71 ± 4.35,67.03 ± 0.87 / 43.83 ± 1.69,24.70 ± 1.07 / 25.32 ± 1.24,40.65 ± 4.27 / 55.31 ± 3.35,19.97 ± 2.39 / 55.94 ± 1.42,17.1.0.dev0,17.1.0.dev0,17.1.0.dev0,17.1.0.dev0,17.1.0.dev0,17.1.0.dev0,17.1.0.dev0
<a href='https://hf.co/Qwen/Qwen3-4B'>Qwen/Qwen3-4B#no-thinking</a>,📝,2.50,4022468096.0,151936.0,40960.0,✓,✗,✗,✓,23.59 ± 1.71 / 46.38 ± 1.03,70.26 ± 2.30 / 70.26 ± 2.30,23.10 ± 5.59 / 60.37 ± 2.69,60.62 ± 1.42 / 39.13 ± 1.31,34.22 ± 0.12 / 39.13 ± 0.13,33.69 ± 2.52 / 50.00 ± 1.88,6.92 ± 1.54 / 53.22 ± 0.84,16.9.0.dev0,16.9.0.dev0,16.9.0.dev0,16.9.0.dev0,16.15.0.dev0,16.9.0.dev0,16.9.0.dev0
<a href='https://hf.co/mistralai/Ministral-3-8B-Base-2512'>mistralai/Ministral-3-8B-Base-2512 (val)</a>,🧠,2.55,8918026240.0,131072.0,8192.0,✓,✗,(✓),✓,19.80 ± 1.84 / 44.26 ± 1.22,78.68 ± 1.53 / 78.68 ± 1.53,28.70 ± 2.17 / 56.42 ± 2.09,66.05 ± 1.16 / 42.16 ± 1.35,25.69 ± 1.51 / 27.05 ± 2.00,51.56 ± 2.77 / 64.22 ± 2.06,-5.85 ± 3.11 / 53.75 ± 1.62,17.0.0.dev0,17.0.0.dev0,17.0.0.dev0,17.0.0.dev0,17.0.0.dev0,17.0.0.dev0,17.0.0.dev0
<a href='https://hf.co/deepcogito/cogito-v1-preview-qwen-14B'>deepcogito/cogito-v1-preview-qwen-14B</a>,📝,2.56,14765947904.0,151665.0,131072.0,✓,✗,(✓),✗,26.36 ± 0.82 / 49.23 ± 0.50,74.85 ± 1.92 / 74.85 ± 1.92,20.26 ± 5.90 / 51.34 ± 4.31,30.16 ± 0.81 / 0.13 ± 0.10,32.79 ± 0.20 / 37.24 ± 0.17,49.64 ± 2.94 / 61.91 ± 2.28,12.78 ± 2.44 / 56.39 ± 1.22,16.9.0.dev0,16.9.0.dev0,16.9.0.dev0,16.9.0.dev0,16.15.0.dev0,16.9.0.dev0,16.9.0.dev0
<a href='https://hf.co/google/gemma-4-E2B-it'>google/gemma-4-E2B-it (val)</a>,📝,2.58,5123178979.0,262144.0,8192.0,✓,✗,(✓),✓,21.45 ± 1.04 / 46.17 ± 0.75,72.88 ± 0.91 / 72.88 ± 0.91,13.52 ± 4.24 / 56.19 ± 2.21,58.36 ± 0.73 / 36.39 ± 0.78,33.87 ± 0.27 / 39.35 ± 0.30,23.52 ± 3.55 / 42.81 ± 2.62,17.12 ± 3.32 / 55.78 ± 1.31,17.1.0.dev0,17.1.0.dev0,17.1.0.dev0,17.1.0.dev0,17.1.0.dev0,17.1.0.dev0,17.1.0.dev0
<a href='https://hf.co/mii-llm/nesso-4B'>mii-llm/nesso-4B</a>,📝,2.62,4022468096.0,151936.0,262144.0,✗,✗,(✓),✗,24.61 ± 1.37 / 48.57 ± 0.89,68.70 ± 1.85 / 68.70 ± 1.85,12.19 ± 5.10 / 48.71 ± 3.32,65.62 ± 0.55 / 41.09 ± 1.38,31.72 ± 0.78 / 35.65 ± 1.16,32.13 ± 3.16 / 48.56 ± 2.49,6.80 ± 2.08 / 53.39 ± 1.07,16.11.0.dev0,16.11.0.dev0,16.11.0.dev0,16.11.0.dev0,16.15.0.dev0,16.11.0.dev0,16.11.0.dev0
<a href='https://hf.co/deepcogito/cogito-v1-preview-llama-8B'>deepcogito/cogito-v1-preview-llama-8B</a>,📝,2.65,8030261248.0,128256.0,131072.0,✓,✗,(✓),✗,23.31 ± 1.32 / 47.76 ± 0.78,74.08 ± 1.54 / 74.08 ± 1.54,19.92 ± 5.08 / 58.11 ± 2.69,41.98 ± 3.19 / 7.05 ± 1.79,33.82 ± 0.17 / 38.41 ± 0.18,36.61 ± 1.76 / 51.81 ± 1.49,7.63 ± 1.76 / 53.78 ± 0.96,16.9.0.dev0,16.9.0.dev0,16.9.0.dev0,16.9.0.dev0,16.14.0.dev0,16.9.0.dev0,16.9.0.dev0
<a href='https://hf.co/mistralai/Ministral-3-3B-Instruct-2512'>mistralai/Ministral-3-3B-Instruct-2512</a>,📝,2.66,?,?,?,✓,✗,(✓),✓,23.55 ± 0.99 / 47.72 ± 0.65,67.29 ± 2.03 / 67.29 ± 2.03,17.00 ± 7.77 / 56.28 ± 5.09,59.06 ± 0.96 / 35.33 ± 1.48,30.48 ± 0.16 / 35.64 ± 0.18,34.53 ± 4.29 / 49.53 ± 3.36,6.54 ± 2.25 / 52.96 ± 1.06,16.17.0,16.17.0,16.17.0,16.17.0,16.17.0,16.17.0,16.17.0
<a href='https://hf.co/mistralai/Ministral-3-3B-Reasoning-2512'>mistralai/Ministral-3-3B-Reasoning-2512</a>,📝,2.67,?,?,?,✓,✗,(✓),✓,25.93 ± 1.03 / 49.95 ± 0.75,69.23 ± 2.94 / 69.23 ± 2.94,8.36 ± 5.37 / 38.90 ± 3.77,61.56 ± 1.16 / 36.16 ± 2.16,30.53 ± 0.33 / 35.38 ± 0.39,34.67 ± 1.57 / 50.79 ± 1.25,3.92 ± 1.56 / 52.07 ± 0.75,16.17.0,16.17.0,16.17.0,16.17.0,16.17.0,16.17.0,16.17.0
<a href='https://hf.co/meta-llama/Llama-3.1-8B-Instruct'>meta-llama/Llama-3.1-8B-Instruct</a>,📝,2.68,8030261248.0,128256.0,131072.0,✓,✗,(✓),✓,22.29 ± 1.22 / 45.72 ± 0.93,73.94 ± 1.47 / 73.94 ± 1.47,13.37 ± 4.05 / 54.12 ± 2.34,40.27 ± 1.65 / 7.47 ± 1.60,34.70 ± 0.37 / 38.97 ± 0.69,31.44 ± 3.52 / 48.34 ± 2.49,11.65 ± 2.60 / 55.84 ± 1.27,16.9.0.dev0,16.9.0.dev0,16.9.0.dev0,16.9.0.dev0,16.15.0.dev0,16.9.0.dev0,16.9.0.dev0
<a href='https://hf.co/Unbabel/Tower-Plus-9B'>Unbabel/Tower-Plus-9B (val)</a>,📝,2.68,9241705984.0,256000.0,8192.0,✗,✗,(✓),✗,18.51 ± 2.09 / 44.36 ± 1.51,72.02 ± 2.98 / 72.02 ± 2.98,9.07 ± 5.68 / 53.20 ± 3.06,62.96 ± 1.25 / 37.22 ± 2.04,33.57 ± 0.43 / 38.81 ± 0.48,27.78 ± 6.29 / 44.38 ± 4.09,4.49 ± 5.95 / 55.55 ± 3.07,16.16.1.dev0,16.16.1.dev0,16.16.1.dev0,16.16.1.dev0,16.17.0.dev0,16.16.1.dev0,16.16.1.dev0
<a href='https://hf.co/openai/gpt-oss-20b'>openai/gpt-oss-20b#high</a>,🤔,2.70,21511953984.0,201088.0,131072.0,✓,✗,✗,✓,23.55 ± 1.80 / 48.75 ± 1.23,65.94 ± 1.87 / 65.94 ± 1.87,21.74 ± 3.33 / 60.14 ± 1.80,50.71 ± 0.81 / 32.81 ± 0.84,18.76 ± 1.97 / 23.17 ± 2.40,62.74 ± 5.61 / 71.41 ± 4.40,17.45 ± 2.57 / 57.96 ± 1.41,16.12.0.dev0,16.12.0.dev0,16.12.0.dev0,16.12.0.dev0,16.15.0.dev0,16.12.0.dev0,16.12.0.dev0
"<a href='https://platform.openai.com/docs/models/gpt-5.4-nano'>openai/gpt-5.4-nano-2026-03-17#none (zero-shot, val)</a>",🤔,2.70,?,?,400000.0,✓,✗,✗,✓,21.51 ± 1.22 / 47.20 ± 0.79,59.18 ± 0.78 / 59.18 ± 0.78,14.31 ± 3.49 / 55.30 ± 1.56,56.07 ± 0.62 / 32.63 ± 0.70,28.91 ± 0.14 / 35.98 ± 0.15,49.19 ± 2.50 / 61.88 ± 1.92,15.41 ± 3.23 / 54.92 ± 1.31,17.0.0.dev0,17.0.0.dev0,17.0.0.dev0,17.0.0.dev0,17.0.0.dev0,17.0.0.dev0,17.0.0.dev0
<a href='https://hf.co/allenai/Llama-3.1-Tulu-3-8B-SFT'>allenai/Llama-3.1-Tulu-3-8B-SFT</a>,📝,2.73,8030326784.0,128264.0,131072.0,✓,✗,(✓),✓,15.94 ± 1.90 / 43.23 ± 1.76,73.87 ± 1.83 / 73.87 ± 1.83,15.01 ± 4.42 / 53.46 ± 2.19,62.93 ± 1.28 / 38.91 ± 1.93,29.58 ± 2.12 / 31.71 ± 2.87,27.83 ± 2.34 / 45.12 ± 1.73,12.37 ± 2.03 / 56.03 ± 0.94,16.9.0.dev0,16.9.0.dev0,16.9.0.dev0,16.9.0.dev0,16.14.0.dev0,16.9.0.dev0,16.9.0.dev0
<a href='https://hf.co/google/gemma-4-31B'>google/gemma-4-31B (val)</a>,🧠,2.74,31273088876.0,262144.0,8192.0,✓,✗,(✓),✓,17.33 ± 1.94 / 43.42 ± 1.52,73.39 ± 1.11 / 73.39 ± 1.11,15.87 ± 6.03 / 56.81 ± 2.90,60.34 ± 1.74 / 37.53 ± 1.85,21.02 ± 0.95 / 21.47 ± 1.01,49.91 ± 3.33 / 62.34 ± 2.46,18.19 ± 3.55 / 58.75 ± 2.14,17.1.0.dev0,17.1.0.dev0,17.1.0.dev0,17.1.0.dev0,17.1.0.dev0,17.1.0.dev0,17.1.0.dev0
<a href='https://hf.co/google/gemma-3-4b-it'>google/gemma-3-4b-it</a>,📝,2.78,4300079472.0,262144.0,8192.0,✓,✗,(✓),✓,26.21 ± 1.11 / 49.13 ± 0.85,71.03 ± 1.01 / 71.03 ± 1.01,22.76 ± 4.46 / 60.62 ± 2.17,19.29 ± 0.68 / 0.09 ± 0.10,31.96 ± 0.12 / 37.03 ± 0.14,34.11 ± 2.30 / 50.15 ± 1.68,7.77 ± 2.38 / 53.67 ± 1.22,16.9.0.dev0,16.9.0.dev0,16.9.0.dev0,16.9.0.dev0,16.14.0.dev0,16.9.0.dev0,16.9.0.dev0
<a href='https://hf.co/allenai/Olmo-3.1-32B-Think'>allenai/Olmo-3.1-32B-Think (val)</a>,🤔,2.82,32233522176.0,100278.0,65536.0,✗,✗,(✓),✓,12.84 ± 1.81 / 41.27 ± 1.19,75.93 ± 0.90 / 75.93 ± 0.90,6.18 ± 5.83 / 38.85 ± 2.52,53.14 ± 0.66 / 33.83 ± 0.89,24.09 ± 1.08 / 27.18 ± 1.03,52.76 ± 3.07 / 63.44 ± 2.70,13.87 ± 2.83 / 58.44 ± 1.41,17.0.0.dev0,17.0.0.dev0,17.0.0.dev0,17.0.0.dev0,17.0.0.dev0,17.0.0.dev0,17.0.0.dev0
<a href='https://hf.co/allenai/Olmo-3.1-32B-Instruct-DPO'>allenai/Olmo-3.1-32B-Instruct-DPO</a>,📝,2.85,32233522176.0,100278.0,65536.0,✗,✗,(✓),✓,18.09 ± 1.02 / 43.93 ± 0.79,69.15 ± 1.79 / 69.15 ± 1.79,12.49 ± 4.12 / 52.06 ± 3.73,59.18 ± 1.25 / 34.20 ± 1.97,30.20 ± 0.38 / 34.09 ± 0.55,27.90 ± 2.79 / 45.32 ± 2.30,1.69 ± 2.43 / 50.71 ± 1.32,16.9.0.dev0,16.9.0.dev0,16.9.0.dev0,16.9.0.dev0,16.15.0.dev0,16.9.0.dev0,16.9.0.dev0
<a href='https://hf.co/speakleash/Bielik-11B-v2.3-Instruct'>speakleash/Bielik-11B-v2.3-Instruct (val)</a>,📝,2.86,11168796672.0,32128.0,32768.0,✓,✓,(✓),✓,16.07 ± 1.58 / 40.84 ± 1.00,69.11 ± 2.19 / 69.11 ± 2.19,8.09 ± 4.04 / 46.42 ± 3.03,51.67 ± 1.04 / 29.55 ± 1.12,34.61 ± 0.25 / 38.76 ± 0.28,25.93 ± 3.00 / 44.69 ± 2.27,1.74 ± 2.90 / 56.88 ± 1.89,17.0.0.dev0,17.0.0.dev0,17.0.0.dev0,17.0.0.dev0,17.0.0.dev0,17.0.0.dev0,17.0.0.dev0
<a href='https://hf.co/CohereLabs/tiny-aya-water'>CohereLabs/tiny-aya-water (val)</a>,📝,2.87,3349227520.0,262144.0,500000.0,✗,✗,(✓),✓,18.24 ± 2.80 / 42.57 ± 2.90,68.06 ± 2.48 / 68.06 ± 2.48,0.00 ± 0.00 / 33.20 ± 1.40,56.60 ± 1.42 / 35.03 ± 1.89,34.80 ± 0.25 / 39.33 ± 0.29,17.75 ± 5.04 / 37.97 ± 3.93,4.39 ± 7.16 / 63.20 ± 2.46,16.16.1.dev0,16.16.1.dev0,16.16.1.dev0,16.16.1.dev0,16.17.0.dev0,16.16.1.dev0,16.16.1.dev0
<a href='https://hf.co/mistralai/Ministral-3-14B-Reasoning-2512'>mistralai/Ministral-3-14B-Reasoning-2512 (val)</a>,📝,2.87,13945031680.0,131072.0,8192.0,✓,✗,(✓),✓,21.90 ± 1.87 / 47.73 ± 1.30,77.60 ± 0.65 / 77.60 ± 0.65,31.70 ± 3.20 / 58.29 ± 1.69,70.23 ± 1.11 / 48.13 ± 1.19,0.44 ± 0.21 / 0.45 ± 0.21,54.57 ± 2.68 / 66.09 ± 2.02,17.44 ± 1.57 / 59.84 ± 0.75,17.0.0.dev0,17.0.0.dev0,17.0.0.dev0,17.0.0.dev0,17.0.0.dev0,17.0.0.dev0,17.0.0.dev0
<a href='https://hf.co/Qwen/Qwen3.5-2B'>Qwen/Qwen3.5-2B (val)</a>,📝,2.87,2274067232.0,248044.0,8192.0,✓,✗,(✓),✓,23.51 ± 2.24 / 37.65 ± 0.91,68.43 ± 3.46 / 68.43 ± 3.46,6.23 ± 6.71 / 36.63 ± 3.06,46.21 ± 1.79 / 18.02 ± 1.61,33.48 ± 0.55 / 38.84 ± 0.64,20.96 ± 4.72 / 42.03 ± 2.87,3.88 ± 6.09 / 56.56 ± 3.27,16.17.0.dev0,16.17.0.dev0,16.17.0.dev0,16.17.0.dev0,16.17.0.dev0,16.17.0.dev0,16.17.0.dev0
<a href='https://hf.co/google/gemma-3-4b-pt'>google/gemma-3-4b-pt</a>,🧠,2.88,4300079472.0,262144.0,8192.0,✓,✗,(✓),✓,18.93 ± 1.73 / 42.05 ± 1.95,71.74 ± 1.55 / 71.74 ± 1.55,6.45 ± 3.86 / 42.51 ± 4.12,60.40 ± 1.42 / 36.48 ± 2.09,23.85 ± 1.58 / 24.64 ± 1.93,34.21 ± 2.30 / 49.93 ± 1.88,2.94 ± 2.39 / 51.27 ± 1.32,16.9.0.dev0,16.9.0.dev0,16.9.0.dev0,16.9.0.dev0,16.14.0.dev0,16.9.0.dev0,16.9.0.dev0
<a href='https://hf.co/CohereLabs/tiny-aya-global'>CohereLabs/tiny-aya-global (val)</a>,📝,2.89,3349227520.0,262144.0,500000.0,✗,✗,(✓),✓,18.12 ± 2.58 / 38.96 ± 2.62,66.47 ± 3.69 / 66.47 ± 3.69,0.00 ± 0.00 / 33.20 ± 1.40,54.36 ± 1.93 / 33.32 ± 1.82,35.09 ± 0.33 / 39.70 ± 0.35,16.11 ± 4.15 / 36.88 ± 3.10,8.09 ± 6.27 / 63.98 ± 2.13,16.16.1.dev0,16.16.1.dev0,16.16.1.dev0,16.16.1.dev0,16.17.0.dev0,16.16.1.dev0,16.16.1.dev0
<a href='https://hf.co/mistralai/Ministral-3-3B-Base-2512'>mistralai/Ministral-3-3B-Base-2512 (val)</a>,🧠,2.92,3849090048.0,131072.0,8192.0,✓,✗,(✓),✓,13.53 ± 2.12 / 40.23 ± 1.75,74.13 ± 1.50 / 74.13 ± 1.50,16.92 ± 4.93 / 51.48 ± 4.33,66.07 ± 0.93 / 42.68 ± 1.24,21.27 ± 1.55 / 22.15 ± 1.95,33.55 ± 2.90 / 50.62 ± 2.05,4.36 ± 2.15 / 52.97 ± 1.39,17.0.0.dev0,17.0.0.dev0,17.0.0.dev0,17.0.0.dev0,17.0.0.dev0,17.0.0.dev0,17.0.0.dev0
<a href='https://hf.co/Qwen/Qwen3-1.7B'>Qwen/Qwen3-1.7B#no-thinking</a>,📝,2.95,2031739904.0,151936.0,40960.0,✓,✗,✗,✓,20.51 ± 1.49 / 40.70 ± 1.89,64.61 ± 3.44 / 64.61 ± 3.44,5.41 ± 5.92 / 47.00 ± 4.75,50.47 ± 0.99 / 30.49 ± 1.41,32.34 ± 0.18 / 36.84 ± 0.21,19.51 ± 3.07 / 39.63 ± 2.24,0.21 ± 2.30 / 49.96 ± 0.97,16.9.0.dev0,16.9.0.dev0,16.9.0.dev0,16.9.0.dev0,16.14.0.dev0,16.9.0.dev0,16.9.0.dev0
<a href='https://hf.co/allenai/Olmo-3.1-32B-Instruct'>allenai/Olmo-3.1-32B-Instruct</a>,📝,2.96,32233522176.0,100278.0,65536.0,✗,✗,(✓),✓,15.46 ± 1.58 / 42.58 ± 0.93,68.67 ± 1.54 / 68.67 ± 1.54,2.93 ± 7.05 / 48.52 ± 4.55,57.65 ± 1.17 / 35.22 ± 1.69,30.32 ± 0.23 / 34.19 ± 0.34,25.87 ± 3.40 / 43.74 ± 2.62,2.36 ± 2.14 / 51.07 ± 1.18,16.9.0.dev0,16.9.0.dev0,16.9.0.dev0,16.9.0.dev0,16.15.0.dev0,16.9.0.dev0,16.9.0.dev0
<a href='https://hf.co/LGAI-EXAONE/EXAONE-4.0-32B'>LGAI-EXAONE/EXAONE-4.0-32B (val)</a>,📝,3.04,32003216384.0,102400.0,131072.0,✗,✗,(✓),✗,14.13 ± 2.07 / 40.94 ± 1.20,72.41 ± 1.18 / 72.41 ± 1.18,-4.43 ± 3.21 / 33.05 ± 1.03,56.49 ± 0.73 / 30.48 ± 1.20,31.28 ± 0.31 / 35.04 ± 0.37,17.31 ± 2.99 / 36.88 ± 2.30,0.26 ± 3.35 / 55.08 ± 1.73,17.0.0.dev0,17.0.0.dev0,17.0.0.dev0,17.0.0.dev0,17.0.0.dev0,17.0.0.dev0,17.0.0.dev0
<a href='https://hf.co/meta-llama/Llama-3.1-8B'>meta-llama/Llama-3.1-8B</a>,🧠,3.04,8030261248.0,128256.0,131072.0,✓,✗,(✓),✓,13.81 ± 1.77 / 41.00 ± 1.25,71.62 ± 1.84 / 71.62 ± 1.84,6.46 ± 4.14 / 52.18 ± 1.96,61.84 ± 1.02 / 34.11 ± 2.25,24.88 ± 1.85 / 26.39 ± 2.38,20.11 ± 3.75 / 39.88 ± 2.83,3.20 ± 2.51 / 51.40 ± 1.23,16.9.0.dev0,16.9.0.dev0,16.9.0.dev0,16.9.0.dev0,16.15.0.dev0,16.9.0.dev0,16.9.0.dev0
<a href='https://hf.co/Qwen/Qwen3.5-2B-Base'>Qwen/Qwen3.5-2B-Base (val)</a>,🧠,3.05,2274067232.0,248044.0,8192.0,✓,✗,(✓),✓,22.06 ± 1.22 / 35.82 ± 1.16,69.41 ± 0.89 / 69.41 ± 0.89,0.99 ± 2.70 / 38.23 ± 2.56,60.91 ± 0.98 / 37.63 ± 1.01,22.39 ± 0.98 / 23.34 ± 1.26,12.00 ± 3.29 / 27.19 ± 2.47,4.05 ± 3.55 / 63.12 ± 1.34,17.1.0.dev0,17.1.0.dev0,17.1.0.dev0,17.1.0.dev0,17.1.0.dev0,17.1.0.dev0,17.1.0.dev0
<a href='https://hf.co/allenai/Olmo-3.1-32B-Instruct-SFT'>allenai/Olmo-3.1-32B-Instruct-SFT</a>,📝,3.06,32233522176.0,100278.0,65536.0,✗,✗,(✓),✓,15.93 ± 0.96 / 42.80 ± 0.89,71.03 ± 2.07 / 71.03 ± 2.07,4.67 ± 5.39 / 39.89 ± 4.15,60.31 ± 2.04 / 37.94 ± 2.66,23.50 ± 1.16 / 24.15 ± 1.17,24.01 ± 2.50 / 42.52 ± 2.06,2.42 ± 2.74 / 51.16 ± 1.51,16.9.0.dev0,16.9.0.dev0,16.9.0.dev0,16.9.0.dev0,16.15.0.dev0,16.9.0.dev0,16.9.0.dev0
<a href='https://hf.co/nvidia/NVIDIA-Nemotron-3-Nano-30B-A3B-FP8'>nvidia/NVIDIA-Nemotron-3-Nano-30B-A3B-FP8 (val)</a>,🤔,3.07,30491811840.0,131072.0,262144.0,✓,✗,✗,✓,18.26 ± 1.70 / 44.14 ± 1.12,73.51 ± 1.06 / 73.51 ± 1.06,3.58 ± 2.89 / 37.48 ± 0.83,45.24 ± 1.10 / 29.86 ± 1.44,16.26 ± 0.40 / 21.65 ± 0.39,50.99 ± 4.39 / 63.28 ± 3.24,4.41 ± 4.35 / 51.02 ± 1.82,17.1.0.dev0,17.1.0.dev0,17.1.0.dev0,17.1.0.dev0,17.1.0.dev0,17.1.0.dev0,17.1.0.dev0
<a href='https://hf.co/arcee-ai/Trinity-Mini'>arcee-ai/Trinity-Mini (val)</a>,🤔,3.09,26123974400.0,200192.0,131072.0,✗,✗,(✓),✗,16.90 ± 1.35 / 42.62 ± 1.00,60.97 ± 1.49 / 60.97 ± 1.49,15.40 ± 5.73 / 57.08 ± 2.94,43.08 ± 1.14 / 26.60 ± 1.36,17.44 ± 0.43 / 22.76 ± 0.53,44.75 ± 4.65 / 58.44 ± 3.55,15.94 ± 4.34 / 59.14 ± 1.93,16.17.0.dev0,16.17.0.dev0,16.17.0.dev0,16.17.0.dev0,16.17.0.dev0,16.17.0.dev0,16.17.0.dev0
<a href='https://hf.co/nvidia/Nemotron-Cascade-2-30B-A3B'>nvidia/Nemotron-Cascade-2-30B-A3B (val)</a>,🤔,3.10,31577937344.0,131072.0,262144.0,✓,✗,(✓),✓,14.04 ± 1.63 / 41.69 ± 0.98,73.83 ± 0.94 / 73.83 ± 0.94,6.82 ± 3.42 / 45.47 ± 2.43,49.05 ± 1.32 / 30.56 ± 1.63,13.56 ± 0.61 / 19.16 ± 0.75,50.57 ± 2.27 / 61.56 ± 2.22,15.97 ± 3.08 / 58.52 ± 1.76,17.1.0.dev0,17.1.0.dev0,17.1.0.dev0,17.1.0.dev0,17.1.0.dev0,17.1.0.dev0,17.1.0.dev0
<a href='https://hf.co/nvidia/NVIDIA-Nemotron-3-Nano-30B-A3B-Base-BF16'>nvidia/NVIDIA-Nemotron-3-Nano-30B-A3B-Base-BF16 (val)</a>,🧠,3.11,31577937344.0,131072.0,262144.0,✓,✗,✗,✓,15.23 ± 1.69 / 35.06 ± 1.13,72.82 ± 1.45 / 72.82 ± 1.45,1.91 ± 1.91 / 34.03 ± 1.10,61.60 ± 1.17 / 42.90 ± 1.29,22.16 ± 1.61 / 23.12 ± 2.08,18.49 ± 3.08 / 39.69 ± 2.20,-1.21 ± 2.69 / 53.36 ± 1.69,17.1.0.dev0,17.1.0.dev0,17.1.0.dev0,17.1.0.dev0,17.1.0.dev0,17.1.0.dev0,17.1.0.dev0
<a href='https://hf.co/nvidia/NVIDIA-Nemotron-3-Nano-30B-A3B-BF16'>nvidia/NVIDIA-Nemotron-3-Nano-30B-A3B-BF16 (val)</a>,🤔,3.14,31577934400.0,131072.0,262144.0,✓,✗,✗,✓,14.05 ± 1.65 / 41.61 ± 1.08,73.13 ± 0.87 / 73.13 ± 0.87,9.70 ± 3.92 / 40.96 ± 2.28,46.23 ± 1.16 / 30.47 ± 1.18,19.34 ± 0.48 / 25.47 ± 0.51,41.50 ± 3.82 / 56.56 ± 2.87,0.00 ± 3.74 / 48.52 ± 2.29,17.1.0.dev0,17.1.0.dev0,17.1.0.dev0,17.1.0.dev0,17.1.0.dev0,17.1.0.dev0,17.1.0.dev0
<a href='https://hf.co/google/gemma-4-26B-A4B'>google/gemma-4-26B-A4B (val)</a>,🧠,3.22,25805936206.0,262144.0,8192.0,✓,✗,(✓),✓,11.08 ± 2.59 / 39.50 ± 1.72,64.92 ± 1.65 / 64.92 ± 1.65,7.66 ± 4.36 / 53.12 ± 2.34,55.80 ± 1.26 / 28.22 ± 1.48,18.35 ± 1.30 / 18.55 ± 1.36,35.88 ± 3.95 / 51.56 ± 2.91,0.66 ± 3.07 / 53.91 ± 1.52,17.1.0.dev0,17.1.0.dev0,17.1.0.dev0,17.1.0.dev0,17.1.0.dev0,17.1.0.dev0,17.1.0.dev0
<a href='https://hf.co/deepcogito/cogito-v1-preview-llama-3B'>deepcogito/cogito-v1-preview-llama-3B</a>,📝,3.22,3606752256.0,128256.0,131072.0,✓,✗,(✓),✗,15.04 ± 2.47 / 32.61 ± 3.80,71.60 ± 2.73 / 71.60 ± 2.73,-1.01 ± 3.37 / 38.43 ± 2.78,16.96 ± 1.20 / 0.02 ± 0.04,33.26 ± 0.10 / 37.99 ± 0.14,14.45 ± 3.36 / 33.24 ± 3.21,2.33 ± 1.73 / 49.94 ± 0.80,16.9.0.dev0,16.9.0.dev0,16.9.0.dev0,16.9.0.dev0,16.14.0.dev0,16.9.0.dev0,16.9.0.dev0
<a href='https://hf.co/occiglot/occiglot-7b-eu5-instruct'>occiglot/occiglot-7b-eu5-instruct</a>,📝,3.27,7241748480.0,32002.0,32768.0,✗,✗,(✓),✗,16.04 ± 1.39 / 38.13 ± 1.21,66.73 ± 3.04 / 66.73 ± 3.04,0.65 ± 2.46 / 40.96 ± 4.60,47.55 ± 1.36 / 28.43 ± 1.65,25.22 ± 2.40 / 27.04 ± 2.84,5.09 ± 2.19 / 27.20 ± 1.53,1.25 ± 3.43 / 49.44 ± 0.91,16.9.0.dev0,16.9.0.dev0,16.9.0.dev0,16.9.0.dev0,16.15.0.dev0,16.9.0.dev0,16.9.0.dev0
<a href='https://hf.co/Qwen/Qwen3.5-0.8B'>Qwen/Qwen3.5-0.8B (val)</a>,📝,3.30,873436192.0,248044.0,8192.0,✓,✗,(✓),✓,11.61 ± 3.24 / 36.20 ± 3.31,63.85 ± 2.82 / 63.85 ± 2.82,0.00 ± 0.00 / 33.33 ± 1.40,46.30 ± 2.70 / 26.26 ± 2.43,29.33 ± 2.52 / 33.77 ± 3.15,-0.86 ± 8.28 / 23.91 ± 4.21,2.48 ± 3.41 / 37.42 ± 2.86,16.17.0.dev0,16.17.0.dev0,16.17.0.dev0,16.17.0.dev0,16.17.0.dev0,16.17.0.dev0,16.17.0.dev0
<a href='https://hf.co/CohereLabs/tiny-aya-base'>CohereLabs/tiny-aya-base (val)</a>,🧠,3.31,3349227520.0,262144.0,500000.0,✗,✗,(✓),✓,12.68 ± 3.33 / 30.48 ± 3.21,67.00 ± 2.30 / 67.00 ± 2.30,1.20 ± 3.55 / 34.23 ± 1.87,46.24 ± 1.22 / 27.67 ± 1.57,22.38 ± 1.82 / 24.67 ± 2.28,-1.24 ± 4.55 / 22.81 ± 2.42,5.46 ± 7.00 / 62.42 ± 3.16,16.16.1.dev0,16.16.1.dev0,16.16.1.dev0,16.16.1.dev0,16.17.0.dev0,16.16.1.dev0,16.16.1.dev0
<a href='https://hf.co/allenai/Olmo-3-7B-Instruct-DPO'>allenai/Olmo-3-7B-Instruct-DPO</a>,📝,3.41,7298011136.0,100278.0,65536.0,✗,✗,(✓),✓,11.99 ± 1.13 / 40.28 ± 0.82,58.19 ± 2.76 / 58.19 ± 2.76,1.49 ± 3.63 / 44.54 ± 3.68,35.42 ± 1.21 / 17.40 ± 1.19,27.66 ± 0.35 / 31.33 ± 0.42,5.42 ± 2.14 / 28.76 ± 1.62,3.23 ± 1.62 / 51.75 ± 0.81,16.9.0.dev0,16.9.0.dev0,16.9.0.dev0,16.9.0.dev0,16.14.0.dev0,16.9.0.dev0,16.9.0.dev0
<a href='https://hf.co/allenai/Olmo-3-7B-Instruct'>allenai/Olmo-3-7B-Instruct</a>,📝,3.41,7298011136.0,100278.0,65536.0,✗,✗,(✓),✓,11.62 ± 1.14 / 39.86 ± 0.89,59.29 ± 2.48 / 59.29 ± 2.48,-5.11 ± 3.74 / 42.41 ± 2.81,38.67 ± 1.42 / 21.95 ± 1.36,27.68 ± 0.38 / 31.18 ± 0.51,6.72 ± 2.59 / 29.55 ± 1.81,1.92 ± 2.67 / 51.18 ± 1.20,16.9.0.dev0,16.9.0.dev0,16.9.0.dev0,16.9.0.dev0,16.14.0.dev0,16.9.0.dev0,16.9.0.dev0
<a href='https://hf.co/allenai/Olmo-3-1025-7B'>allenai/Olmo-3-1025-7B</a>,🧠,3.45,7298011136.0,100278.0,65536.0,✓,✗,(✓),✓,10.42 ± 2.25 / 34.70 ± 2.42,65.85 ± 2.31 / 65.85 ± 2.31,-2.23 ± 5.08 / 44.03 ± 3.14,41.12 ± 0.91 / 25.51 ± 1.01,20.63 ± 1.81 / 21.43 ± 2.11,14.60 ± 1.59 / 34.73 ± 1.34,2.14 ± 2.28 / 50.07 ± 1.03,16.9.0.dev0,16.9.0.dev0,16.9.0.dev0,16.9.0.dev0,16.14.0.dev0,16.9.0.dev0,16.9.0.dev0
<a href='https://hf.co/allenai/Olmo-3-7B-Think'>allenai/Olmo-3-7B-Think (val)</a>,🤔,3.46,7298011136.0,100278.0,65536.0,✗,✗,(✓),✓,7.13 ± 1.83 / 37.20 ± 1.16,66.52 ± 1.11 / 66.52 ± 1.11,-2.14 ± 7.44 / 44.45 ± 3.17,37.13 ± 1.00 / 23.22 ± 1.05,18.94 ± 0.85 / 23.16 ± 0.85,26.65 ± 4.39 / 44.53 ± 3.26,5.31 ± 3.92 / 52.50 ± 1.98,17.0.0.dev0,17.0.0.dev0,17.0.0.dev0,17.0.0.dev0,17.0.0.dev0,17.0.0.dev0,17.0.0.dev0
<a href='https://hf.co/Qwen/Qwen3.5-0.8B-Base'>Qwen/Qwen3.5-0.8B-Base (val)</a>,🧠,3.48,873436192.0,248044.0,8192.0,✓,✗,(✓),✓,11.83 ± 1.19 / 28.17 ± 1.61,58.35 ± 1.31 / 58.35 ± 1.31,0.00 ± 0.00 / 33.33 ± 0.72,51.86 ± 1.33 / 35.32 ± 1.53,21.47 ± 1.30 / 22.83 ± 1.58,-1.00 ± 3.49 / 22.03 ± 3.03,0.92 ± 3.49 / 52.42 ± 1.52,17.1.0.dev0,17.1.0.dev0,17.1.0.dev0,17.1.0.dev0,17.1.0.dev0,17.1.0.dev0,17.1.0.dev0
<a href='https://hf.co/HuggingFaceTB/SmolLM3-3B'>HuggingFaceTB/SmolLM3-3B#no-thinking</a>,📝,3.49,3075098624.0,128256.0,65536.0,✓,✗,✗,✓,14.04 ± 1.62 / 37.16 ± 2.03,57.59 ± 2.86 / 57.59 ± 2.86,-2.00 ± 5.89 / 47.68 ± 3.23,19.45 ± 0.89 / 0.45 ± 0.16,30.48 ± 1.11 / 34.63 ± 1.31,9.40 ± 2.76 / 31.73 ± 2.06,-0.79 ± 2.40 / 49.21 ± 1.36,16.9.0.dev0,16.9.0.dev0,16.9.0.dev0,16.9.0.dev0,16.14.0.dev0,16.9.0.dev0,16.9.0.dev0
<a href='https://hf.co/utter-project/EuroLLM-9B-Instruct'>utter-project/EuroLLM-9B-Instruct</a>,📝,3.51,9152319488.0,128000.0,4096.0,✗,✗,(✓),✓,16.58 ± 2.42 / 31.34 ± 2.42,67.23 ± 2.94 / 67.23 ± 2.94,2.04 ± 4.89 / 35.34 ± 2.16,21.68 ± 1.47 / 0.65 ± 0.35,19.19 ± 2.86 / 22.04 ± 3.03,15.26 ± 2.49 / 35.57 ± 1.89,-1.01 ± 2.47 / 50.01 ± 1.07,16.9.0.dev0,16.9.0.dev0,16.9.0.dev0,16.9.0.dev0,16.15.0.dev0,16.9.0.dev0,16.9.0.dev0
<a href='https://hf.co/Unbabel/Tower-Plus-2B'>Unbabel/Tower-Plus-2B (val)</a>,📝,3.54,2614341888.0,256000.0,8192.0,✗,✗,(✓),✗,5.25 ± 1.89 / 31.29 ± 2.93,59.35 ± 2.13 / 59.35 ± 2.13,-1.36 ± 2.13 / 35.75 ± 3.33,41.64 ± 1.96 / 27.97 ± 1.27,28.17 ± 0.75 / 31.88 ± 1.00,3.78 ± 5.63 / 27.66 ± 3.68,-6.90 ± 6.94 / 56.95 ± 2.00,16.16.1.dev0,16.16.1.dev0,16.16.1.dev0,16.16.1.dev0,16.17.0.dev0,16.16.1.dev0,16.16.1.dev0
<a href='https://hf.co/utter-project/EuroLLM-9B'>utter-project/EuroLLM-9B</a>,🧠,3.59,9152319488.0,128000.0,4096.0,✓,✗,(✓),✓,7.84 ± 2.91 / 23.48 ± 3.28,63.41 ± 5.08 / 63.41 ± 5.08,-3.16 ± 2.72 / 38.32 ± 4.19,40.34 ± 2.23 / 26.17 ± 2.21,18.34 ± 1.76 / 18.70 ± 1.97,13.51 ± 1.94 / 34.46 ± 1.52,-1.30 ± 1.84 / 49.03 ± 0.85,16.9.0.dev0,16.9.0.dev0,16.9.0.dev0,16.9.0.dev0,16.15.0.dev0,16.9.0.dev0,16.9.0.dev0
<a href='https://hf.co/meta-llama/Llama-3.2-3B-Instruct'>meta-llama/Llama-3.2-3B-Instruct</a>,📝,3.59,3212749824.0,128256.0,131072.0,✓,✗,(✓),✓,11.63 ± 2.94 / 36.94 ± 2.87,68.00 ± 2.06 / 68.00 ± 2.06,-0.70 ± 4.29 / 41.84 ± 3.97,14.61 ± 1.50 / 0.07 ± 0.07,21.47 ± 2.62 / 22.07 ± 3.25,10.28 ± 3.12 / 32.67 ± 2.33,1.55 ± 1.86 / 50.36 ± 0.97,16.9.0.dev0,16.9.0.dev0,16.9.0.dev0,16.9.0.dev0,16.15.0.dev0,16.9.0.dev0,16.9.0.dev0
<a href='https://hf.co/allenai/Olmo-3-7B-Instruct-SFT'>allenai/Olmo-3-7B-Instruct-SFT</a>,📝,3.60,7298011136.0,100278.0,65536.0,✗,✗,(✓),✓,10.28 ± 1.31 / 37.18 ± 1.51,60.29 ± 1.89 / 60.29 ± 1.89,-2.07 ± 6.29 / 47.68 ± 3.66,34.14 ± 1.51 / 18.38 ± 1.92,22.83 ± 1.26 / 24.03 ± 1.50,4.34 ± 1.78 / 28.14 ± 1.29,-1.54 ± 2.16 / 49.43 ± 1.07,16.9.0.dev0,16.9.0.dev0,16.9.0.dev0,16.9.0.dev0,16.14.0.dev0,16.9.0.dev0,16.9.0.dev0
<a href='https://hf.co/occiglot/occiglot-7b-eu5'>occiglot/occiglot-7b-eu5</a>,🧠,3.61,7241732096.0,32000.0,32768.0,✓,✗,(✓),✗,7.90 ± 1.77 / 21.66 ± 1.71,65.13 ± 3.11 / 65.13 ± 3.11,1.15 ± 1.60 / 34.95 ± 2.78,42.56 ± 1.29 / 28.63 ± 1.43,18.79 ± 1.72 / 19.30 ± 1.92,0.90 ± 2.86 / 24.70 ± 1.90,-1.39 ± 1.40 / 49.06 ± 0.72,16.9.0.dev0,16.9.0.dev0,16.9.0.dev0,16.9.0.dev0,16.15.0.dev0,16.9.0.dev0,16.9.0.dev0
<a href='https://hf.co/HuggingFaceTB/SmolLM3-3B-Base'>HuggingFaceTB/SmolLM3-3B-Base</a>,🧠,3.61,3075098624.0,128256.0,65536.0,✓,✗,✗,✓,17.24 ± 1.35 / 33.66 ± 1.15,59.11 ± 5.20 / 59.11 ± 5.20,1.03 ± 4.74 / 41.98 ± 3.60,30.65 ± 3.69 / 19.03 ± 3.45,16.07 ± 1.51 / 16.16 ± 1.68,11.19 ± 1.48 / 31.26 ± 1.57,-2.31 ± 2.75 / 48.70 ± 1.01,16.9.0.dev0,16.9.0.dev0,16.9.0.dev0,16.9.0.dev0,16.14.0.dev0,16.9.0.dev0,16.9.0.dev0
<a href='https://hf.co/speakleash/Bielik-1.5B-v3.0-Instruct'>speakleash/Bielik-1.5B-v3.0-Instruct</a>,📝,3.64,1596507648.0,32000.0,8192.0,✓,✗,(✓),✓,12.33 ± 0.89 / 31.80 ± 0.68,58.08 ± 3.66 / 58.08 ± 3.66,2.75 ± 2.73 / 43.54 ± 4.24,23.91 ± 1.36 / 13.45 ± 1.08,19.08 ± 3.35 / 19.83 ± 3.81,8.85 ± 2.09 / 29.38 ± 1.28,2.91 ± 1.69 / 51.35 ± 0.92,16.11.0.dev0,16.11.0.dev0,16.11.0.dev0,16.11.0.dev0,16.15.0.dev0,16.11.0.dev0,16.11.0.dev0
<a href='https://hf.co/google/gemma-3-1b-it'>google/gemma-3-1b-it</a>,📝,3.64,999885952.0,262144.0,32768.0,✓,✗,(✓),✓,12.56 ± 2.16 / 34.46 ± 1.70,49.44 ± 3.16 / 49.44 ± 3.16,2.26 ± 4.71 / 42.75 ± 4.72,12.76 ± 1.17 / 0.02 ± 0.04,27.80 ± 0.73 / 32.18 ± 0.83,3.98 ± 3.32 / 27.13 ± 2.69,-2.97 ± 3.01 / 48.57 ± 1.10,16.9.0.dev0,16.9.0.dev0,16.9.0.dev0,16.9.0.dev0,16.14.0.dev0,16.9.0.dev0,16.9.0.dev0
<a href='https://hf.co/yulan-team/YuLan-Mini-Instruct'>yulan-team/YuLan-Mini-Instruct</a>,📝,3.68,2424375168.0,99000.0,28723.0,✗,✗,(✓),✓,8.09 ± 1.57 / 25.17 ± 2.09,51.12 ± 4.07 / 51.12 ± 4.07,-1.52 ± 1.81 / 37.97 ± 3.43,9.09 ± 0.73 / 0.00 ± 0.00,29.61 ± 1.98 / 33.26 ± 2.23,5.00 ± 2.03 / 28.34 ± 1.35,1.60 ± 1.38 / 50.13 ± 0.85,16.9.0.dev0,16.9.0.dev0,16.9.0.dev0,16.9.0.dev0,16.15.0.dev0,16.9.0.dev0,16.9.0.dev0
<a href='https://hf.co/Qwen/Qwen3-0.6B'>Qwen/Qwen3-0.6B</a>,🤔,3.69,751632384.0,151936.0,40960.0,✓,✗,✗,✓,8.93 ± 0.49 / 32.06 ± 1.06,43.35 ± 1.15 / 43.35 ± 1.15,-3.00 ± 3.44 / 42.42 ± 1.65,23.82 ± 0.56 / 9.99 ± 0.56,26.25 ± 0.35 / 32.01 ± 0.36,7.25 ± 1.39 / 30.89 ± 0.85,1.52 ± 1.37 / 50.73 ± 0.70,17.1.0.dev0,17.1.0.dev0,17.1.0.dev0,17.1.0.dev0,17.1.0.dev0,17.1.0.dev0,17.1.0.dev0
<a href='https://hf.co/google/gemma-4-E4B'>google/gemma-4-E4B (val)</a>,🧠,3.71,7996157418.0,262144.0,8192.0,✓,✗,(✓),✓,5.95 ± 2.81 / 33.82 ± 1.44,49.71 ± 1.68 / 49.71 ± 1.68,-4.55 ± 3.47 / 42.70 ± 1.84,55.20 ± 0.78 / 30.13 ± 1.43,17.24 ± 0.82 / 17.68 ± 0.91,5.01 ± 3.68 / 28.91 ± 2.69,0.97 ± 2.80 / 53.12 ± 1.75,17.1.0.dev0,17.1.0.dev0,17.1.0.dev0,17.1.0.dev0,17.1.0.dev0,17.1.0.dev0,17.1.0.dev0
<a href='https://hf.co/BSC-LT/salamandra-7b-instruct'>BSC-LT/salamandra-7b-instruct</a>,📝,3.78,7768117248.0,256000.0,8192.0,✓,✗,(✓),✓,13.36 ± 1.24 / 38.59 ± 0.89,47.19 ± 1.60 / 47.19 ± 1.60,-0.95 ± 4.42 / 42.99 ± 2.24,15.25 ± 0.54 / 0.09 ± 0.07,21.19 ± 1.15 / 23.31 ± 1.54,3.10 ± 2.00 / 26.78 ± 1.47,-1.64 ± 1.66 / 48.77 ± 0.38,16.9.0.dev0,16.9.0.dev0,16.9.0.dev0,16.9.0.dev0,16.14.0.dev0,16.9.0.dev0,16.9.0.dev0
<a href='https://hf.co/BSC-LT/salamandra-7b'>BSC-LT/salamandra-7b</a>,🧠,3.79,7768117248.0,256000.0,8192.0,✓,✗,(✓),✓,10.61 ± 1.77 / 29.60 ± 3.06,50.06 ± 2.06 / 50.06 ± 2.06,-0.70 ± 3.28 / 33.79 ± 1.29,34.18 ± 0.98 / 20.34 ± 1.16,15.77 ± 1.48 / 16.63 ± 1.65,2.56 ± 2.06 / 25.52 ± 1.50,-1.58 ± 2.18 / 48.94 ± 0.80,16.9.0.dev0,16.9.0.dev0,16.9.0.dev0,16.9.0.dev0,16.14.0.dev0,16.9.0.dev0,16.9.0.dev0
<a href='https://hf.co/Qwen/Qwen3-0.6B'>Qwen/Qwen3-0.6B#no-thinking</a>,📝,3.81,751632384.0,151936.0,40960.0,✓,✗,✗,✓,4.19 ± 1.16 / 23.86 ± 2.61,48.41 ± 2.07 / 48.41 ± 2.07,0.00 ± 0.00 / 33.34 ± 1.04,16.03 ± 1.32 / 3.60 ± 1.03,25.56 ± 1.18 / 28.67 ± 1.42,3.62 ± 1.98 / 29.23 ± 1.64,1.62 ± 2.93 / 50.29 ± 1.58,16.9.0.dev0,16.9.0.dev0,16.9.0.dev0,16.9.0.dev0,16.14.0.dev0,16.9.0.dev0,16.9.0.dev0
<a href='https://hf.co/google/gemma-3-270m-it'>google/gemma-3-270m-it</a>,📝,3.83,268098176.0,262144.0,32768.0,✓,✗,(✓),✓,4.18 ± 2.42 / 28.77 ± 3.60,40.92 ± 2.62 / 40.92 ± 2.62,0.24 ± 3.50 / 35.69 ± 3.25,4.31 ± 0.29 / 0.00 ± 0.00,33.82 ± 0.22 / 39.33 ± 0.27,-0.84 ± 1.91 / 23.69 ± 1.72,-0.01 ± 1.15 / 50.04 ± 0.98,16.9.0.dev0,16.9.0.dev0,16.9.0.dev0,16.9.0.dev0,16.14.0.dev0,16.9.0.dev0,16.9.0.dev0
<a href='https://hf.co/LiquidAI/LFM2-1.2B'>LiquidAI/LFM2-1.2B</a>,📝,3.84,1170340608.0,65536.0,128000.0,✗,✗,(✓),✓,5.11 ± 2.26 / 24.38 ± 2.65,41.26 ± 2.22 / 41.26 ± 2.22,2.43 ± 3.76 / 36.90 ± 4.29,5.84 ± 0.34 / 0.00 ± 0.00,29.61 ± 0.42 / 33.31 ± 0.45,1.51 ± 2.11 / 26.36 ± 1.76,-0.66 ± 1.42 / 50.43 ± 0.86,16.9.0.dev0,16.9.0.dev0,16.9.0.dev0,16.9.0.dev0,16.14.0.dev0,16.9.0.dev0,16.9.0.dev0
<a href='https://hf.co/meta-llama/Llama-3.2-1B'>meta-llama/Llama-3.2-1B</a>,🧠,3.85,1235814400.0,128256.0,131072.0,✓,✗,(✓),✓,6.12 ± 1.55 / 34.63 ± 2.12,42.38 ± 3.84 / 42.38 ± 3.84,-0.29 ± 6.57 / 39.67 ± 3.84,28.59 ± 1.78 / 14.53 ± 0.93,20.56 ± 1.15 / 22.44 ± 1.48,1.31 ± 3.05 / 25.57 ± 2.36,2.03 ± 2.62 / 50.57 ± 1.00,16.9.0.dev0,16.9.0.dev0,16.9.0.dev0,16.9.0.dev0,16.14.0.dev0,16.9.0.dev0,16.9.0.dev0
<a href='https://hf.co/meta-llama/Llama-3.2-1B-Instruct'>meta-llama/Llama-3.2-1B-Instruct</a>,📝,3.85,1235814400.0,128256.0,131072.0,✓,✗,(✓),✓,3.81 ± 1.13 / 25.56 ± 3.36,58.03 ± 2.10 / 58.03 ± 2.10,3.45 ± 5.11 / 44.79 ± 5.65,6.74 ± 0.56 / 0.00 ± 0.00,22.35 ± 1.08 / 23.85 ± 1.36,-0.47 ± 2.60 / 25.50 ± 1.85,-0.53 ± 2.33 / 49.34 ± 1.39,16.9.0.dev0,16.9.0.dev0,16.9.0.dev0,16.9.0.dev0,16.14.0.dev0,16.9.0.dev0,16.9.0.dev0
<a href='https://hf.co/google/gemma-3-1b-pt'>google/gemma-3-1b-pt</a>,🧠,3.89,999885952.0,262144.0,32768.0,✓,✗,(✓),✓,3.10 ± 1.18 / 23.06 ± 3.49,34.57 ± 4.52 / 34.57 ± 4.52,-3.35 ± 4.11 / 34.00 ± 1.98,37.85 ± 1.33 / 20.55 ± 2.42,21.19 ± 2.15 / 23.05 ± 2.67,-0.94 ± 1.61 / 24.23 ± 1.59,1.25 ± 1.69 / 49.35 ± 0.83,16.9.0.dev0,16.9.0.dev0,16.9.0.dev0,16.9.0.dev0,16.14.0.dev0,16.9.0.dev0,16.9.0.dev0
<a href='https://hf.co/microsoft/Phi-4-reasoning-plus'>microsoft/Phi-4-reasoning-plus (val)</a>,🤔,3.96,14659507200.0,100352.0,32768.0,✓,✗,(✓),✓,5.17 ± 1.88 / 31.67 ± 1.21,55.08 ± 2.03 / 55.08 ± 2.03,5.19 ± 5.13 / 48.61 ± 2.72,7.41 ± 0.28 / 0.94 ± 0.16,13.23 ± 2.68 / 17.06 ± 3.45,-1.13 ± 1.95 / 21.72 ± 1.20,2.09 ± 3.80 / 62.66 ± 1.30,17.0.0.dev0,17.0.0.dev0,17.0.0.dev0,17.0.0.dev0,17.0.0.dev0,17.0.0.dev0,17.0.0.dev0
<a href='https://hf.co/PleIAs/Pleias-1.2b-Preview'>PleIAs/Pleias-1.2b-Preview</a>,🧠,3.96,1195468800.0,65536.0,2048.0,✓,✗,(✓),✓,2.94 ± 1.54 / 20.50 ± 2.61,55.71 ± 2.16 / 55.71 ± 2.16,2.43 ± 3.87 / 46.00 ± 4.39,15.67 ± 0.59 / 5.98 ± 1.00,15.24 ± 1.49 / 16.22 ± 1.62,-1.20 ± 1.74 / 22.85 ± 1.31,-0.09 ± 0.54 / 49.12 ± 0.77,16.9.0.dev0,16.9.0.dev0,16.9.0.dev0,16.9.0.dev0,16.14.0.dev0,16.9.0.dev0,16.9.0.dev0
<a href='https://hf.co/LiquidAI/LFM2-700M'>LiquidAI/LFM2-700M</a>,📝,3.96,742489344.0,65536.0,128000.0,✗,✗,(✓),✓,1.96 ± 2.17 / 20.59 ± 3.00,37.47 ± 3.18 / 37.47 ± 3.18,-0.06 ± 3.33 / 39.55 ± 3.86,7.03 ± 0.45 / 0.09 ± 0.10,28.83 ± 0.54 / 32.53 ± 0.62,-0.59 ± 2.41 / 24.28 ± 1.77,0.52 ± 1.90 / 50.29 ± 0.76,16.9.0.dev0,16.9.0.dev0,16.9.0.dev0,16.9.0.dev0,16.14.0.dev0,16.9.0.dev0,16.9.0.dev0
<a href='https://hf.co/google/gemma-4-E2B'>google/gemma-4-E2B (val)</a>,🧠,3.96,5123178979.0,262144.0,8192.0,✓,✗,(✓),✓,1.08 ± 1.87 / 32.25 ± 1.03,27.82 ± 3.73 / 27.82 ± 3.73,-5.46 ± 3.81 / 40.70 ± 1.95,45.45 ± 0.83 / 22.91 ± 1.07,17.93 ± 0.74 / 18.73 ± 0.84,4.91 ± 3.53 / 28.44 ± 2.71,-1.57 ± 4.76 / 49.77 ± 3.02,17.1.0.dev0,17.1.0.dev0,17.1.0.dev0,17.1.0.dev0,17.1.0.dev0,17.1.0.dev0,17.1.0.dev0
<a href='https://hf.co/tencent/Hunyuan-7B-Instruct'>tencent/Hunyuan-7B-Instruct (val)</a>,🤔,3.96,7504568320.0,128167.0,32768.0,✓,✗,(✓),✓,8.04 ± 1.22 / 37.59 ± 0.85,47.71 ± 1.19 / 47.71 ± 1.19,5.42 ± 5.42 / 44.07 ± 3.14,17.36 ± 0.61 / 0.00 ± 0.00,14.56 ± 0.38 / 18.90 ± 0.48,0.00 ± 0.00 / 21.88 ± 1.30,0.00 ± 0.00 / 63.28 ± 1.13,16.17.0.dev0,16.17.0.dev0,16.17.0.dev0,16.17.0.dev0,16.17.0.dev0,16.17.0.dev0,16.17.0.dev0
<a href='https://hf.co/tencent/Hunyuan-4B-Instruct'>tencent/Hunyuan-4B-Instruct (val)</a>,🤔,4.01,4221757440.0,120818.0,262144.0,✓,✗,(✓),✓,4.06 ± 1.62 / 35.26 ± 1.18,55.19 ± 1.64 / 55.19 ± 1.64,-0.55 ± 4.43 / 48.71 ± 2.23,22.29 ± 0.86 / 0.00 ± 0.00,12.54 ± 0.48 / 15.69 ± 0.59,0.00 ± 0.00 / 21.88 ± 1.30,0.00 ± 0.00 / 63.28 ± 1.13,17.0.0.dev0,17.0.0.dev0,17.0.0.dev0,17.0.0.dev0,17.0.0.dev0,17.0.0.dev0,17.0.0.dev0
<a href='https://hf.co/HuggingFaceTB/SmolLM2-360M-Instruct'>HuggingFaceTB/SmolLM2-360M-Instruct</a>,📝,4.04,361821120.0,49152.0,8192.0,✓,✗,(✓),✓,0.99 ± 0.98 / 18.33 ± 1.33,42.11 ± 4.40 / 42.11 ± 4.40,0.11 ± 4.31 / 41.13 ± 3.61,4.73 ± 0.35 / 0.00 ± 0.00,22.01 ± 2.37 / 24.07 ± 2.89,-1.78 ± 3.47 / 23.94 ± 1.85,0.50 ± 0.98 / 49.28 ± 0.92,16.9.0.dev0,16.9.0.dev0,16.9.0.dev0,16.9.0.dev0,16.14.0.dev0,16.9.0.dev0,16.9.0.dev0
<a href='https://hf.co/google/gemma-3-270m'>google/gemma-3-270m</a>,🧠,4.16,268098176.0,262144.0,32768.0,✓,✗,(✓),✓,0.41 ± 0.81 / 16.18 ± 0.32,33.16 ± 5.02 / 33.16 ± 5.02,0.00 ± 0.00 / 33.34 ± 1.04,5.18 ± 1.11 / 0.81 ± 0.43,20.74 ± 1.90 / 23.10 ± 2.36,1.47 ± 2.77 / 24.41 ± 1.30,0.00 ± 0.00 / 49.12 ± 0.75,16.9.0.dev0,16.9.0.dev0,16.9.0.dev0,16.9.0.dev0,16.14.0.dev0,16.9.0.dev0,16.9.0.dev0
<a href='https://hf.co/HuggingFaceTB/SmolLM2-135M-Instruct'>HuggingFaceTB/SmolLM2-135M-Instruct</a>,📝,4.18,134515008.0,49152.0,8192.0,✓,✗,(✓),✓,1.47 ± 1.49 / 24.71 ± 3.30,31.90 ± 2.66 / 31.90 ± 2.66,0.92 ± 2.82 / 40.42 ± 4.27,3.51 ± 0.21 / 0.00 ± 0.00,21.18 ± 1.29 / 23.48 ± 1.51,-3.42 ± 3.33 / 23.24 ± 2.00,1.99 ± 1.38 / 49.44 ± 0.84,16.9.0.dev0,16.9.0.dev0,16.9.0.dev0,16.9.0.dev0,16.14.0.dev0,16.9.0.dev0,16.9.0.dev0
<a href='https://hf.co/LiquidAI/LFM2-350M'>LiquidAI/LFM2-350M</a>,📝,4.19,354483968.0,65536.0,128000.0,✗,✗,(✓),✓,4.43 ± 1.40 / 30.50 ± 2.34,8.89 ± 2.26 / 8.89 ± 2.26,0.42 ± 0.82 / 34.17 ± 2.04,3.69 ± 0.35 / 0.00 ± 0.00,28.19 ± 0.81 / 31.81 ± 0.95,0.37 ± 2.09 / 25.45 ± 1.22,-2.10 ± 2.50 / 48.77 ± 0.99,16.9.0.dev0,16.9.0.dev0,16.9.0.dev0,16.9.0.dev0,16.14.0.dev0,16.9.0.dev0,16.9.0.dev0
<a href='https://hf.co/tiiuae/Falcon-H1-Tiny-Multilingual-100M-Instruct'>tiiuae/Falcon-H1-Tiny-Multilingual-100M-Instruct</a>,📝,4.21,107908288.0,65536.0,262144.0,✓,✗,(✓),✓,0.37 ± 0.77 / 19.70 ± 3.05,27.72 ± 1.87 / 27.72 ± 1.87,0.82 ± 1.62 / 33.52 ± 0.76,3.98 ± 0.53 / 0.16 ± 0.19,22.10 ± 2.46 / 24.24 ± 2.90,0.60 ± 2.53 / 25.52 ± 2.04,-0.32 ± 0.62 / 49.12 ± 0.76,16.11.0.dev0,16.11.0.dev0,16.11.0.dev0,16.11.0.dev0,16.14.0.dev0,16.11.0.dev0,16.11.0.dev0
<a href='https://hf.co/nvidia/NVIDIA-Nemotron-3-Nano-4B-FP8'>nvidia/NVIDIA-Nemotron-3-Nano-4B-FP8 (val)</a>,🤔,4.25,2680100864.0,131072.0,262144.0,✓,✗,✗,✓,0.39 ± 2.45 / 32.88 ± 1.64,45.57 ± 1.78 / 45.57 ± 1.78,1.42 ± 5.59 / 49.77 ± 2.84,2.95 ± 0.92 / 1.43 ± 0.44,9.76 ± 0.71 / 12.49 ± 0.91,8.84 ± 3.20 / 31.25 ± 2.52,0.35 ± 4.14 / 50.62 ± 2.01,17.1.0.dev0,17.1.0.dev0,17.1.0.dev0,17.1.0.dev0,17.1.0.dev0,17.1.0.dev0,17.1.0.dev0
<a href='https://hf.co/PleIAs/Pleias-350m-Preview'>PleIAs/Pleias-350m-Preview</a>,🧠,4.26,353424384.0,65536.0,2048.0,✓,✗,(✓),✓,0.90 ± 1.32 / 21.22 ± 2.82,34.19 ± 6.62 / 34.19 ± 6.62,-2.59 ± 4.31 / 35.82 ± 2.13,3.07 ± 0.62 / 0.16 ± 0.15,16.79 ± 1.22 / 18.04 ± 1.49,-0.90 ± 3.40 / 24.31 ± 2.55,0.03 ± 2.10 / 49.17 ± 0.83,16.9.0.dev0,16.9.0.dev0,16.9.0.dev0,16.9.0.dev0,16.14.0.dev0,16.9.0.dev0,16.9.0.dev0
<a href='https://hf.co/utter-project/EuroMoE-2.6B-A0.6B-Instruct-Preview'>utter-project/EuroMoE-2.6B-A0.6B-Instruct-Preview</a>,📝,4.29,2611528704.0,128000.0,4096.0,✓,✗,(✓),✓,0.45 ± 1.64 / 18.74 ± 2.68,33.69 ± 4.54 / 33.69 ± 4.54,-1.30 ± 2.49 / 33.27 ± 1.03,6.04 ± 0.69 / 0.00 ± 0.00,13.21 ± 3.75 / 15.20 ± 3.85,-1.66 ± 1.61 / 22.72 ± 1.39,-0.42 ± 1.36 / 49.22 ± 0.93,16.9.0.dev0,16.9.0.dev0,16.9.0.dev0,16.9.0.dev0,16.15.0.dev0,16.9.0.dev0,16.9.0.dev0
<a href='https://hf.co/tiiuae/Falcon-H1-Tiny-Multilingual-100M-Base'>tiiuae/Falcon-H1-Tiny-Multilingual-100M-Base</a>,🧠,4.30,107908288.0,65536.0,262144.0,✓,✗,(✓),✓,-0.30 ± 1.11 / 16.84 ± 0.28,33.15 ± 2.22 / 33.15 ± 2.22,0.84 ± 3.98 / 38.94 ± 4.22,3.00 ± 1.15 / 0.53 ± 0.32,16.61 ± 1.86 / 17.58 ± 2.15,0.07 ± 0.94 / 24.58 ± 1.70,0.00 ± 0.00 / 49.12 ± 0.75,16.11.0.dev0,16.11.0.dev0,16.11.0.dev0,16.11.0.dev0,16.14.0.dev0,16.11.0.dev0,16.11.0.dev0
<a href='https://hf.co/HuggingFaceTB/SmolLM2-360M'>HuggingFaceTB/SmolLM2-360M</a>,🧠,4.32,361821120.0,49152.0,8192.0,✓,✗,(✓),✓,1.10 ± 1.07 / 19.90 ± 3.94,15.68 ± 4.45 / 15.68 ± 4.45,0.00 ± 0.00 / 33.26 ± 0.98,3.60 ± 0.76 / 0.87 ± 0.48,21.50 ± 1.78 / 23.08 ± 2.12,1.46 ± 2.05 / 24.60 ± 1.78,-0.32 ± 0.63 / 49.10 ± 0.77,16.9.0.dev0,16.9.0.dev0,16.9.0.dev0,16.9.0.dev0,16.14.0.dev0,16.9.0.dev0,16.9.0.dev0
<a href='https://hf.co/HuggingFaceTB/SmolLM2-135M'>HuggingFaceTB/SmolLM2-135M</a>,🧠,4.38,134515008.0,49152.0,8192.0,✓,✗,(✓),✓,0.35 ± 0.62 / 17.65 ± 2.09,25.19 ± 3.67 / 25.19 ± 3.67,-2.70 ± 4.62 / 36.31 ± 2.71,1.75 ± 0.80 / 0.15 ± 0.17,16.27 ± 1.98 / 17.36 ± 2.15,-2.52 ± 1.78 / 23.59 ± 1.42,-0.02 ± 0.04 / 49.12 ± 0.75,16.9.0.dev0,16.9.0.dev0,16.9.0.dev0,16.9.0.dev0,16.14.0.dev0,16.9.0.dev0,16.9.0.dev0
<a href='https://hf.co/utter-project/EuroMoE-2.6B-A0.6B-Preview'>utter-project/EuroMoE-2.6B-A0.6B-Preview</a>,🧠,4.38,2611528704.0,128000.0,4096.0,✓,✗,(✓),✓,0.50 ± 1.21 / 20.55 ± 3.22,16.46 ± 7.06 / 16.46 ± 7.06,0.00 ± 0.00 / 33.26 ± 0.98,3.23 ± 1.02 / 1.16 ± 0.66,15.42 ± 1.41 / 16.16 ± 1.58,2.66 ± 2.28 / 27.28 ± 1.70,1.92 ± 1.67 / 50.44 ± 0.82,16.9.0.dev0,16.9.0.dev0,16.9.0.dev0,16.9.0.dev0,16.15.0.dev0,16.9.0.dev0,16.9.0.dev0
<a href='https://hf.co/PleIAs/Baguettotron'>PleIAs/Baguettotron@refs/pr/6#no-thinking</a>,📝,4.64,320956992.0,65536.0,4096.0,✓,✗,(✓),✓,-1.23 ± 0.82 / 16.11 ± 0.31,3.03 ± 1.42 / 3.03 ± 1.42,0.00 ± 0.00 / 33.34 ± 1.04,2.90 ± 0.17 / 0.00 ± 0.00,13.85 ± 0.53 / 15.99 ± 0.61,2.51 ± 2.60 / 25.37 ± 1.99,-2.80 ± 0.94 / 49.45 ± 0.72,16.10.1.dev0,16.10.1.dev0,16.10.1.dev0,16.10.1.dev0,16.14.0.dev0,16.10.1.dev0,16.10.1.dev0
<a href='https://hf.co/AIDC-AI/Marco-Mini-Global-Base'>AIDC-AI/Marco-Mini-Global-Base (val)</a>,📝,4.74,17406164992.0,151936.0,32768.0,✓,✗,(✓),✓,-0.95 ± 0.75 / 19.26 ± 1.13,13.04 ± 2.89 / 13.04 ± 2.89,-1.18 ± 1.18 / 32.15 ± 0.61,0.78 ± 0.19 / 0.00 ± 0.00,2.55 ± 0.47 / 2.85 ± 0.53,1.03 ± 2.46 / 28.75 ± 2.56,0.00 ± 0.00 / 45.47 ± 4.31,17.1.0.dev0,17.1.0.dev0,17.1.0.dev0,17.1.0.dev0,17.1.0.dev0,17.1.0.dev0,17.1.0.dev0
<a href='https://hf.co/PleIAs/Monad'>PleIAs/Monad</a>,🧠,4.82,56656128.0,8192.0,2048.0,✓,✗,(✓),✓,-1.82 ± 1.45 / 21.56 ± 3.27,0.00 ± 0.00 / 0.00 ± 0.00,3.29 ± 3.68 / 39.29 ± 4.64,2.47 ± 0.20 / 0.00 ± 0.00,5.81 ± 0.16 / 6.17 ± 0.17,-3.50 ± 1.82 / 24.43 ± 1.85,-0.19 ± 2.08 / 49.97 ± 0.99,16.10.1.dev0,16.10.1.dev0,16.10.1.dev0,16.10.1.dev0,16.14.0.dev0,16.10.1.dev0,16.10.1.dev0
<a href='https://hf.co/speakleash/Bielik-4.5B-v3.0-Instruct'>speakleash/Bielik-4.5B-v3.0-Instruct</a>,📝,-,4757260288.0,32000.0,32768.0,✓,✗,(✓),✓,12.83 ± 2.30 / 39.57 ± 1.62,56.86 ± 3.53 / 56.86 ± 3.53,-0.65 ± 2.83 / 33.93 ± 1.13,46.01 ± 1.45 / 31.10 ± 1.17,-,14.94 ± 3.02 / 35.82 ± 2.32,-1.07 ± 1.51 / 49.66 ± 0.67,16.11.0.dev0,16.11.0.dev0,16.11.0.dev0,16.11.0.dev0,-,16.11.0.dev0,16.11.0.dev0
<a href='https://hf.co/swiss-ai/Apertus-70B-2509'>swiss-ai/Apertus-70B-2509</a>,🧠,-,70599864480.0,131072.0,65536.0,✓,✗,(✓),✗,19.79 ± 1.12 / 43.43 ± 1.46,76.32 ± 2.13 / 76.32 ± 2.13,32.07 ± 7.79 / 54.55 ± 8.11,66.37 ± 2.48 / 45.79 ± 1.76,-,44.97 ± 2.47 / 58.51 ± 2.01,24.81 ± 2.60 / 62.08 ± 1.35,16.10.1.dev0,16.10.1.dev0,16.10.1.dev0,16.10.1.dev0,-,16.10.1.dev0,16.10.1.dev0
<a href='https://hf.co/speakleash/Bielik-11B-v3.0-Instruct'>speakleash/Bielik-11B-v3.0-Instruct</a>,📝,-,11168796672.0,32128.0,32768.0,✓,✗,(✓),✓,28.07 ± 1.13 / 51.70 ± 0.78,74.89 ± 2.17 / 74.89 ± 2.17,43.23 ± 3.38 / 68.62 ± 2.16,30.98 ± 1.77 / 0.05 ± 0.09,-,53.70 ± 2.25 / 65.17 ± 1.83,34.38 ± 1.84 / 66.71 ± 0.98,16.10.0,16.10.0,16.10.0,16.10.0,-,16.10.0,16.10.0
<a href='https://hf.co/speakleash/Bielik-11B-v3-Base-20250730'>speakleash/Bielik-11B-v3-Base-20250730</a>,🧠,-,11168796672.0,32128.0,32768.0,✓,✗,(✓),✓,20.46 ± 2.17 / 35.37 ± 1.98,75.27 ± 1.29 / 75.27 ± 1.29,1.98 ± 2.69 / 33.77 ± 1.34,69.27 ± 1.91 / 46.73 ± 1.94,-,41.99 ± 2.85 / 55.77 ± 2.27,18.56 ± 2.97 / 57.57 ± 2.24,16.10.0,16.10.0,16.10.0,16.10.0,-,16.10.0,16.10.0
<a href='https://hf.co/speakleash/Bielik-11B-v2.6-Instruct'>speakleash/Bielik-11B-v2.6-Instruct</a>,📝,-,11168796672.0,32128.0,32768.0,✓,✗,(✓),✓,18.03 ± 0.79 / 41.10 ± 0.98,67.57 ± 3.14 / 67.57 ± 3.14,-1.85 ± 5.68 / 35.29 ± 1.83,24.24 ± 1.48 / 0.13 ± 0.07,-,21.61 ± 1.86 / 41.29 ± 1.40,0.93 ± 1.49 / 50.08 ± 0.93,16.10.0,16.10.0,16.10.0,16.10.0,-,16.10.0,16.10.0
<a href='https://hf.co/utter-project/EuroLLM-22B-2512'>utter-project/EuroLLM-22B-2512</a>,🧠,-,22637328384.0,128000.0,32768.0,✓,✗,(✓),✓,-,-,-,-,20.26 ± 1.28 / 20.50 ± 1.37,-,-,-,-,-,-,16.15.0.dev0,-,-
<a href='https://hf.co/speakleash/Bielik-1.5B-v3.0-Instruct'>speakleash/Bielik-1.5B-v3.0-Instruct (val)</a>,📝,-,1596507648.0,32000.0,8192.0,✓,✗,(✓),✓,13.54 ± 2.25 / 31.12 ± 1.61,58.07 ± 4.28 / 58.07 ± 4.28,7.76 ± 8.35 / 44.14 ± 5.99,23.26 ± 2.03 / 13.64 ± 1.70,-,-,-,16.11.0.dev0,16.11.0.dev0,16.11.0.dev0,16.11.0.dev0,-,-,-
<a href='https://hf.co/speakleash/Bielik-11B-v2.3-Instruct'>speakleash/Bielik-11B-v2.3-Instruct</a>,📝,-,11168796672.0,32128.0,32768.0,✓,✓,(✓),✓,19.37 ± 1.06 / 43.79 ± 0.77,69.65 ± 3.25 / 69.65 ± 3.25,-0.81 ± 4.06 / 42.49 ± 3.56,53.08 ± 1.35 / 31.66 ± 2.44,-,18.04 ± 2.01 / 38.39 ± 1.49,-1.01 ± 1.65 / 49.23 ± 0.98,16.11.0.dev0,16.11.0.dev0,16.11.0.dev0,16.11.0.dev0,-,16.11.0.dev0,16.11.0.dev0
<a href='https://hf.co/EuropeanParliament/EUBERT'>EuropeanParliament/EUBERT</a>,🔍,-,93990500.0,65636.0,512.0,✓,✗,(✓),✓,3.22 ± 1.77 / 32.96 ± 2.23,68.28 ± 1.28 / 68.28 ± 1.28,1.96 ± 3.56 / 46.18 ± 4.70,0.03 ± 0.04 / 0.02 ± 0.04,-,-,-,16.9.0.dev0,16.9.0.dev0,16.9.0.dev0,16.9.0.dev0,-,-,-
<a href='https://hf.co/upstage/SOLAR-10.7B-v1.0'>upstage/SOLAR-10.7B-v1.0</a>,🧠,-,10731524096.0,32000.0,4096.0,✓,✗,(✓),✗,17.34 ± 1.43 / 34.05 ± 0.97,72.44 ± 4.46 / 72.44 ± 4.46,0.74 ± 1.35 / 33.69 ± 1.21,56.57 ± 1.34 / 39.58 ± 1.11,-,18.13 ± 1.56 / 32.35 ± 2.27,2.34 ± 2.12 / 49.41 ± 0.91,16.9.0.dev0,16.9.0.dev0,16.9.0.dev0,16.9.0.dev0,-,16.9.0.dev0,16.9.0.dev0
<a href='https://hf.co/setu4993/LaBSE'>setu4993/LaBSE</a>,🔍,-,470927360.0,501153.0,512.0,✓,✗,(✓),✗,14.98 ± 1.76 / 42.15 ± 1.39,86.40 ± 1.03 / 86.40 ± 1.03,8.16 ± 3.30 / 50.22 ± 3.28,22.30 ± 1.76 / 13.77 ± 1.32,-,-,-,16.9.0.dev0,16.9.0.dev0,16.9.0.dev0,16.9.0.dev0,-,-,-
<a href='https://hf.co/EuroBERT/EuroBERT-610m'>EuroBERT/EuroBERT-610m</a>,🔍,-,755625600.0,128256.0,8192.0,✓,✗,(✓),✓,2.20 ± 2.16 / 29.31 ± 2.27,56.84 ± 6.11 / 56.68 ± 6.19,-1.48 ± 5.07 / 45.28 ± 1.55,15.98 ± 1.35 / 8.56 ± 0.88,-,-,-,16.9.0.dev0,16.9.0.dev0,16.9.0.dev0,16.9.0.dev0,-,-,-
<a href='https://hf.co/EuroBERT/EuroBERT-210m'>EuroBERT/EuroBERT-210m</a>,🔍,-,310266624.0,128256.0,8192.0,✓,✗,(✓),✓,4.73 ± 1.93 / 34.13 ± 2.23,59.71 ± 6.95 / 59.70 ± 6.96,-0.12 ± 5.81 / 47.89 ± 3.27,11.67 ± 1.56 / 5.18 ± 1.00,-,-,-,16.9.0.dev0,16.9.0.dev0,16.9.0.dev0,16.9.0.dev0,-,-,-
<a href='https://hf.co/sentence-transformers/paraphrase-multilingual-MiniLM-L12-v2'>sentence-transformers/paraphrase-multilingual-MiniLM-L12-v2</a>,🔍,-,117654272.0,250037.0,512.0,✓,✗,(✓),✗,14.51 ± 1.33 / 40.86 ± 1.18,75.20 ± 1.17 / 75.20 ± 1.17,0.67 ± 4.52 / 45.42 ± 3.48,0.05 ± 0.10 / 0.02 ± 0.04,-,-,-,16.9.0.dev0,16.9.0.dev0,16.9.0.dev0,16.9.0.dev0,-,-,-
<a href='https://hf.co/tencent/Hunyuan-7B-Instruct'>tencent/Hunyuan-7B-Instruct</a>,🤔,-,7504568320.0,128167.0,32768.0,✓,✗,(✓),✓,4.71 ± 1.50 / 34.87 ± 1.19,46.55 ± 1.54 / 46.55 ± 1.54,0.33 ± 4.62 / 42.45 ± 3.28,18.62 ± 0.73 / 0.00 ± 0.00,-,0.00 ± 0.00 / 24.46 ± 1.68,0.00 ± 0.00 / 49.12 ± 0.75,16.12.0.dev0,16.12.0.dev0,16.12.0.dev0,16.12.0.dev0,-,16.12.0.dev0,16.12.0.dev0
<a href='https://hf.co/utter-project/EuroLLM-22B-Preview'>utter-project/EuroLLM-22B-Preview</a>,🧠,-,?,128000.0,4096.0,✓,✗,(✓),✓,19.40 ± 1.64 / 38.05 ± 2.23,65.33 ± 4.06 / 65.33 ± 4.06,-2.89 ± 4.83 / 41.23 ± 4.42,51.40 ± 0.78 / 31.84 ± 2.03,-,14.72 ± 2.98 / 36.01 ± 2.19,-1.67 ± 1.71 / 49.00 ± 0.66,16.9.0.dev0,16.9.0.dev0,16.9.0.dev0,16.9.0.dev0,-,16.9.0.dev0,16.9.0.dev0
<a href='https://hf.co/swiss-ai/Apertus-8B-2509'>swiss-ai/Apertus-8B-2509</a>,🧠,-,8053338176.0,131072.0,65536.0,✓,✗,(✓),✗,17.86 ± 2.10 / 35.91 ± 1.91,67.59 ± 4.14 / 67.59 ± 4.14,24.93 ± 5.69 / 55.68 ± 5.85,64.36 ± 2.53 / 43.24 ± 1.65,-,40.32 ± 2.28 / 55.10 ± 1.79,12.04 ± 2.06 / 55.83 ± 1.04,16.10.1.dev0,16.10.1.dev0,16.10.1.dev0,16.10.1.dev0,-,16.10.1.dev0,16.10.1.dev0
<a href='https://hf.co/utter-project/EuroLLM-22B-Instruct-2512'>utter-project/EuroLLM-22B-Instruct-2512</a>,📝,-,22637328384.0,128000.0,32768.0,✓,✗,(✓),✓,-,-,-,-,25.76 ± 2.40 / 26.91 ± 2.93,-,-,-,-,-,-,16.15.0.dev0,-,-
<a href='https://hf.co/swiss-ai/Apertus-8B-Instruct-2509'>swiss-ai/Apertus-8B-Instruct-2509</a>,📝,-,8053338176.0,131072.0,65536.0,✗,✗,(✓),✗,22.79 ± 2.39 / 45.97 ± 2.46,67.18 ± 2.74 / 67.18 ± 2.74,4.92 ± 4.16 / 37.60 ± 4.98,17.89 ± 1.28 / 0.16 ± 0.07,-,35.32 ± 1.94 / 49.28 ± 1.99,3.97 ± 2.76 / 50.18 ± 0.91,16.10.1.dev0,16.10.1.dev0,16.10.1.dev0,16.10.1.dev0,-,16.10.1.dev0,16.10.1.dev0
<a href='https://hf.co/utter-project/EuroLLM-22B-Instruct-Preview'>utter-project/EuroLLM-22B-Instruct-Preview</a>,📝,-,22637328384.0,128000.0,4096.0,✓,✗,(✓),✓,22.80 ± 1.16 / 45.85 ± 0.69,62.89 ± 2.47 / 62.89 ± 2.47,-2.80 ± 3.14 / 40.78 ± 3.13,51.18 ± 1.55 / 28.68 ± 2.41,-,21.79 ± 2.19 / 40.22 ± 1.16,-1.46 ± 2.37 / 49.15 ± 1.07,16.9.0.dev0,16.9.0.dev0,16.9.0.dev0,16.9.0.dev0,-,16.9.0.dev0,16.9.0.dev0
"<a href='https://platform.openai.com/docs/models/gpt-5'>gpt-5-2025-08-07 (zero-shot, val)</a>",🤔,-,?,100256.0,272000.0,✓,✗,✗,✓,24.57 ± 3.47 / 48.47 ± 2.37,78.58 ± 1.41 / 78.58 ± 1.41,49.03 ± 8.52 / 71.89 ± 4.55,54.29 ± 1.43 / 31.21 ± 1.50,-,94.00 ± 1.74 / 95.47 ± 1.33,76.25 ± 3.12 / 88.36 ± 1.57,16.9.0.dev0,16.9.0.dev0,16.9.0.dev0,16.9.0.dev0,-,16.9.0.dev0,16.9.0.dev0
<a href='https://hf.co/FacebookAI/xlm-roberta-large'>FacebookAI/xlm-roberta-large</a>,🔍,-,561192082.0,250002.0,512.0,✓,✗,(✓),✓,10.94 ± 4.59 / 35.68 ± 5.72,82.54 ± 1.91 / 82.54 ± 1.91,5.79 ± 4.62 / 43.47 ± 5.85,26.81 ± 1.75 / 18.17 ± 1.34,-,-,-,16.9.0.dev0,16.9.0.dev0,16.9.0.dev0,16.9.0.dev0,-,-,-
"<a href='https://ai.google.dev/gemini-api/docs/models#gemini-2.5-flash'>gemini/gemini-2.5-flash#no-thinking (zero-shot, val)</a>",📝,-,?,256128.0,1048576.0,✓,✗,✗,✓,28.48 ± 3.42 / 51.35 ± 2.36,75.56 ± 1.54 / 75.56 ± 1.54,46.57 ± 3.46 / 71.71 ± 2.02,56.51 ± 1.20 / 33.37 ± 1.55,-,80.92 ± 4.43 / 85.62 ± 3.32,48.48 ± 4.20 / 74.92 ± 2.17,16.9.0.dev0,16.9.0.dev0,16.9.0.dev0,16.9.0.dev0,-,16.9.0.dev0,16.9.0.dev0
fresh-xlm-roberta-base,🔍,-,278885778.0,250002.0,512.0,✓,✗,✗,✓,1.45 ± 1.13 / 19.42 ± 2.70,47.22 ± 1.74 / 47.22 ± 1.74,1.41 ± 2.56 / 41.13 ± 6.07,0.00 ± 0.00 / 0.00 ± 0.00,-,-,-,16.9.0.dev0,16.9.0.dev0,16.9.0.dev0,16.9.0.dev0,-,-,-
fresh-electra-small,🔍,-,13738755.0,32000.0,128.0,✓,✗,✗,✓,0.00 ± 0.00 / 16.16 ± 0.32,44.97 ± 2.19 / 44.97 ± 2.19,0.55 ± 1.80 / 35.42 ± 3.77,0.00 ± 0.00 / 0.00 ± 0.00,-,-,-,16.9.0.dev0,16.9.0.dev0,16.9.0.dev0,16.9.0.dev0,-,-,-
<a href='https://hf.co/deepcogito/cogito-v1-preview-llama-70B'>deepcogito/cogito-v1-preview-llama-70B</a>,📝,-,70553706496.0,128256.0,131072.0,✓,✗,(✓),✗,28.53 ± 0.86 / 50.56 ± 0.72,77.37 ± 1.32 / 77.37 ± 1.32,38.40 ± 3.88 / 68.39 ± 2.45,18.18 ± 1.05 / 0.29 ± 0.20,-,68.72 ± 0.89 / 76.46 ± 0.70,38.76 ± 1.80 / 69.35 ± 0.89,16.9.0.dev0,16.9.0.dev0,16.9.0.dev0,16.9.0.dev0,-,16.9.0.dev0,16.9.0.dev0
<a href='https://hf.co/PleIAs/Pleias-3b-Preview'>PleIAs/Pleias-3b-Preview</a>,🧠,-,3211926528.0,65536.0,4096.0,✓,✗,(✓),✓,-,-,-,-,19.72 ± 1.72 / 20.74 ± 2.02,-,-,-,-,-,-,16.15.0.dev0,-,-
<a href='https://hf.co/Qwen/Qwen2.5-1.5B-Instruct'>Qwen/Qwen2.5-1.5B-Instruct</a>,📝,-,1543714304.0,151936.0,32768.0,✓,✗,(✓),✓,12.26 ± 1.49 / 37.00 ± 2.47,55.84 ± 3.07 / 55.84 ± 3.07,0.59 ± 4.74 / 48.87 ± 2.19,15.33 ± 0.59 / 0.52 ± 0.22,-,12.54 ± 2.92 / 33.39 ± 2.07,3.93 ± 2.57 / 52.21 ± 1.21,16.9.0.dev0,16.9.0.dev0,16.9.0.dev0,16.9.0.dev0,-,16.9.0.dev0,16.9.0.dev0
<a href='https://hf.co/baidu/ERNIE-4.5-21B-A3B-PT'>baidu/ERNIE-4.5-21B-A3B-PT</a>,📝,-,21948655808.0,103424.0,131072.0,✓,✗,(✓),✗,15.24 ± 3.30 / 40.82 ± 3.51,69.50 ± 2.01 / 69.50 ± 2.01,12.69 ± 6.67 / 50.80 ± 6.19,62.72 ± 1.14 / 40.99 ± 1.28,-,33.64 ± 3.04 / 49.88 ± 2.34,9.35 ± 2.68 / 54.66 ± 1.30,16.9.0.dev0,16.9.0.dev0,16.9.0.dev0,16.9.0.dev0,-,16.9.0.dev0,16.9.0.dev0
<a href='https://hf.co/baidu/ERNIE-4.5-0.3B-PT'>baidu/ERNIE-4.5-0.3B-PT</a>,📝,-,?,103424.0,131072.0,✓,✗,(✓),✗,1.00 ± 0.93 / 23.12 ± 1.93,43.76 ± 1.90 / 43.76 ± 1.90,-3.18 ± 6.92 / 38.31 ± 3.46,14.35 ± 1.70 / 5.73 ± 1.27,-,0.09 ± 3.06 / 25.40 ± 2.48,1.22 ± 1.94 / 50.59 ± 0.91,16.9.0.dev0,16.9.0.dev0,16.9.0.dev0,16.9.0.dev0,-,16.9.0.dev0,16.9.0.dev0
<a href='https://hf.co/arcee-ai/Trinity-Nano-Preview'>arcee-ai/Trinity-Nano-Preview</a>,📝,-,6120003328.0,200192.0,131072.0,✓,✗,(✓),✗,8.24 ± 2.68 / 33.01 ± 1.86,67.78 ± 3.68 / 67.78 ± 3.68,1.07 ± 3.81 / 41.15 ± 5.75,34.96 ± 2.61 / 21.59 ± 1.54,-,6.40 ± 1.91 / 28.17 ± 1.66,0.47 ± 0.74 / 51.12 ± 0.62,16.10.1.dev0,16.10.1.dev0,16.10.1.dev0,16.10.1.dev0,-,16.10.1.dev0,16.10.1.dev0
"<a href='https://ai.google.dev/gemini-api/docs/models#gemini-2.5-flash'>gemini/gemini-2.5-flash#thinking (zero-shot, val)</a>",🤔,-,?,256128.0,1048576.0,✓,✗,✗,✓,21.32 ± 2.76 / 46.45 ± 1.92,75.72 ± 1.59 / 75.72 ± 1.59,47.44 ± 5.72 / 73.01 ± 3.16,58.81 ± 1.26 / 38.06 ± 1.88,-,77.01 ± 4.38 / 82.81 ± 3.26,80.03 ± 3.87 / 90.55 ± 1.77,16.9.0.dev0,16.9.0.dev0,16.9.0.dev0,16.9.0.dev0,-,16.9.0.dev0,16.9.0.dev0
<a href='https://hf.co/arcee-ai/Trinity-Nano-Base'>arcee-ai/Trinity-Nano-Base</a>,📝,-,6120003328.0,200192.0,131072.0,✓,✗,(✓),✗,-1.58 ± 1.16 / 18.37 ± 0.91,62.52 ± 2.45 / 62.52 ± 2.45,0.00 ± 0.00 / 33.34 ± 1.04,16.06 ± 1.31 / 0.07 ± 0.07,-,7.08 ± 2.97 / 29.46 ± 2.81,1.69 ± 1.37 / 49.92 ± 0.84,16.10.1.dev0,16.10.1.dev0,16.10.1.dev0,16.10.1.dev0,-,16.10.1.dev0,16.10.1.dev0
<a href='https://hf.co/arcee-ai/AFM-4.5B'>arcee-ai/AFM-4.5B</a>,📝,-,4619189760.0,128005.0,65536.0,✓,✗,(✓),✗,12.30 ± 1.45 / 39.69 ± 0.92,56.43 ± 1.97 / 56.43 ± 1.97,-1.21 ± 5.02 / 36.17 ± 3.32,15.29 ± 0.64 / 0.18 ± 0.09,-,14.29 ± 1.57 / 34.80 ± 1.11,1.83 ± 2.20 / 51.04 ± 0.99,16.10.1.dev0,16.10.1.dev0,16.10.1.dev0,16.10.1.dev0,-,16.10.1.dev0,16.10.1.dev0
<a href='https://hf.co/arcee-ai/AFM-4.5B-Base'>arcee-ai/AFM-4.5B-Base</a>,🧠,-,4619184640.0,128004.0,65536.0,✓,✗,(✓),✗,12.07 ± 1.49 / 30.96 ± 1.48,54.55 ± 3.20 / 54.55 ± 3.20,-0.24 ± 4.32 / 38.54 ± 3.66,23.65 ± 2.10 / 14.74 ± 1.93,-,14.22 ± 2.55 / 34.83 ± 2.03,0.05 ± 2.10 / 49.37 ± 1.14,16.10.1.dev0,16.10.1.dev0,16.10.1.dev0,16.10.1.dev0,-,16.10.1.dev0,16.10.1.dev0
<a href='https://hf.co/answerdotai/ModernBERT-large'>answerdotai/ModernBERT-large</a>,🔍,-,395881664.0,50368.0,8192.0,✓,✗,(✓),✓,3.08 ± 1.10 / 32.37 ± 1.89,68.05 ± 2.51 / 68.05 ± 2.51,2.03 ± 6.17 / 47.67 ± 3.76,10.15 ± 1.17 / 4.04 ± 0.73,-,-,-,16.9.0.dev0,16.9.0.dev0,16.9.0.dev0,16.9.0.dev0,-,-,-
<a href='https://hf.co/answerdotai/ModernBERT-base'>answerdotai/ModernBERT-base</a>,🔍,-,149655232.0,50368.0,8192.0,✓,✗,(✓),✓,4.17 ± 1.49 / 34.10 ± 1.45,67.91 ± 2.10 / 67.91 ± 2.10,5.03 ± 4.31 / 49.75 ± 2.75,7.61 ± 1.00 / 2.56 ± 0.61,-,-,-,16.9.0.dev0,16.9.0.dev0,16.9.0.dev0,16.9.0.dev0,-,-,-
<a href='https://hf.co/allenai/Olmo-3.1-32B-Think'>allenai/Olmo-3.1-32B-Think</a>,🤔,-,32233522176.0,100278.0,65536.0,✗,✗,(✓),✓,16.73 ± 1.42 / 43.93 ± 0.95,72.49 ± 2.29 / 72.49 ± 2.29,10.82 ± 4.78 / 40.37 ± 2.17,52.43 ± 0.80 / 35.94 ± 1.29,-,49.81 ± 3.33 / 62.18 ± 2.50,12.18 ± 3.02 / 56.03 ± 1.50,16.10.0.dev0,16.10.1.dev0,16.10.0.dev0,16.10.1.dev0,-,16.10.1.dev0,16.10.1.dev0
<a href='https://hf.co/allenai/Olmo-3-7B-Think'>allenai/Olmo-3-7B-Think</a>,🤔,-,7298011136.0,100278.0,65536.0,✗,✗,(✓),✓,8.68 ± 1.35 / 38.84 ± 0.92,65.78 ± 2.18 / 65.78 ± 2.18,-0.58 ± 5.26 / 46.08 ± 2.43,34.47 ± 1.06 / 21.00 ± 1.18,-,21.91 ± 2.25 / 40.59 ± 1.66,4.11 ± 2.91 / 51.85 ± 1.41,16.9.0.dev0,16.9.0.dev0,16.9.0.dev0,16.9.0.dev0,-,16.9.0.dev0,16.9.0.dev0
<a href='https://hf.co/allenai/Olmo-3-1125-32B'>allenai/Olmo-3-1125-32B</a>,🧠,-,32233522176.0,100278.0,65536.0,✓,✗,(✓),✓,-,-,-,-,22.91 ± 2.53 / 23.65 ± 3.18,-,-,-,-,-,-,16.15.0.dev0,-,-
<a href='https://hf.co/allenai/OLMo-2-0325-32B-Instruct'>allenai/OLMo-2-0325-32B-Instruct</a>,📝,-,32234279936.0,100352.0,4096.0,✗,✗,(✓),✓,22.03 ± 0.73 / 46.79 ± 0.67,70.69 ± 1.69 / 70.69 ± 1.69,14.36 ± 4.46 / 56.79 ± 2.26,48.56 ± 0.77 / 19.37 ± 1.04,-,43.22 ± 2.69 / 56.76 ± 2.21,12.54 ± 1.86 / 56.28 ± 0.94,16.9.0.dev0,16.9.0.dev0,16.9.0.dev0,16.9.0.dev0,-,16.9.0.dev0,16.9.0.dev0
<a href='https://hf.co/TrustLLMeu/baseline-7-8b_2-3t-tokens_llama'>TrustLLMeu/baseline-7-8b_2-3t-tokens_llama</a>,🧠,-,7799574528.0,100096.0,4096.0,✓,✗,(✓),✗,11.58 ± 3.17 / 27.94 ± 3.40,63.83 ± 2.41 / 63.83 ± 2.41,2.15 ± 5.67 / 41.64 ± 4.06,36.96 ± 2.00 / 24.70 ± 1.88,-,0.39 ± 0.77 / 24.48 ± 1.68,0.00 ± 0.00 / 49.12 ± 0.75,16.9.0.dev0,16.9.0.dev0,16.9.0.dev0,16.9.0.dev0,-,16.9.0.dev0,16.9.0.dev0
<a href='https://hf.co/arcee-ai/Trinity-Mini'>arcee-ai/Trinity-Mini</a>,🤔,-,26123974400.0,200192.0,131072.0,✗,✗,(✓),✗,20.57 ± 2.27 / 45.61 ± 2.18,59.48 ± 2.20 / 59.48 ± 2.20,16.22 ± 4.21 / 58.00 ± 2.09,43.33 ± 1.17 / 28.50 ± 1.40,-,42.68 ± 2.71 / 56.78 ± 2.00,10.57 ± 2.15 / 55.16 ± 1.12,16.11.0.dev0,16.11.0.dev0,16.11.0.dev0,16.11.0.dev0,-,16.11.0.dev0,16.11.0.dev0
<a href='https://hf.co/nvidia/NVIDIA-Nemotron-3-Nano-30B-A3B-BF16'>nvidia/NVIDIA-Nemotron-3-Nano-30B-A3B-BF16#no-thinking</a>,📝,-,31577937344.0,131072.0,262144.0,✓,✗,✗,✓,16.92 ± 0.82 / 38.42 ± 1.01,70.13 ± 2.78 / 70.13 ± 2.78,0.73 ± 1.44 / 33.37 ± 1.06,54.54 ± 1.32 / 37.61 ± 1.49,-,25.32 ± 1.52 / 43.00 ± 1.31,1.30 ± 2.87 / 50.73 ± 1.52,16.10.0.dev0,16.10.0.dev0,16.10.0.dev0,16.10.0.dev0,-,16.10.0.dev0,16.10.0.dev0
<a href='https://hf.co/PleIAs/Baguettotron'>PleIAs/Baguettotron@refs/pr/6</a>,🤔,-,320956992.0,65536.0,4096.0,✓,✗,(✓),✓,1.83 ± 1.28 / 29.29 ± 0.73,0.00 ± 0.00 / 0.00 ± 0.00,1.40 ± 5.46 / 37.38 ± 1.50,0.19 ± 0.15 / 0.00 ± 0.00,-,0.00 ± 0.00 / 24.46 ± 1.68,0.00 ± 0.00 / 49.12 ± 0.75,16.10.1.dev0,16.10.1.dev0,16.10.1.dev0,16.10.1.dev0,-,16.10.1.dev0,16.10.1.dev0
<a href='https://hf.co/PleIAs/Baguettotron'>PleIAs/Baguettotron@refs/pr/6#thinking</a>,🤔,-,320956992.0,65536.0,4096.0,✓,✗,(✓),✓,0.00 ± 0.00 / 16.13 ± 0.31,0.00 ± 0.00 / 0.00 ± 0.00,0.00 ± 0.00 / 33.34 ± 1.04,0.00 ± 0.00 / 0.00 ± 0.00,-,0.00 ± 0.00 / 24.46 ± 1.68,0.00 ± 0.00 / 49.12 ± 0.75,16.10.1.dev0,16.10.1.dev0,16.10.1.dev0,16.10.1.dev0,-,16.10.1.dev0,16.10.1.dev0
<a href='https://hf.co/Geotrend/distilbert-base-25lang-cased'>Geotrend/distilbert-base-25lang-cased</a>,🔍,-,108867577.0,84985.0,512.0,✓,✗,(✓),✗,1.89 ± 3.10 / 25.44 ± 4.59,81.36 ± 0.70 / 81.36 ± 0.70,-2.33 ± 3.98 / 40.32 ± 4.97,0.00 ± 0.00 / 0.00 ± 0.00,-,-,-,16.9.0.dev0,16.9.0.dev0,16.9.0.dev0,16.9.0.dev0,-,-,-
<a href='https://hf.co/mistralai/Ministral-3-3B-Base-2512'>mistralai/Ministral-3-3B-Base-2512</a>,🧠,-,4251743232.0,131072.0,8192.0,✓,✗,(✓),✓,17.79 ± 1.24 / 42.44 ± 1.98,73.31 ± 2.66 / 73.31 ± 2.66,8.60 ± 6.41 / 45.64 ± 7.13,66.48 ± 2.14 / 45.61 ± 1.96,-,45.16 ± 2.19 / 57.85 ± 2.00,10.28 ± 2.09 / 55.02 ± 1.09,16.12.0.dev0,16.12.0.dev0,16.12.0.dev0,16.12.0.dev0,-,16.12.0.dev0,16.12.0.dev0
<a href='https://hf.co/microsoft/mdeberta-v3-base'>microsoft/mdeberta-v3-base</a>,🔍,-,278225673.0,251000.0,512.0,✓,✗,(✓),✓,7.74 ± 3.31 / 33.05 ± 5.57,78.87 ± 2.23 / 78.87 ± 2.23,31.75 ± 11.00 / 56.98 ± 8.92,8.72 ± 1.90 / 5.29 ± 1.29,-,-,-,16.9.0.dev0,16.9.0.dev0,16.9.0.dev0,16.9.0.dev0,-,-,-
<a href='https://hf.co/microsoft/Phi-4-reasoning-plus'>microsoft/Phi-4-reasoning-plus</a>,🤔,-,?,100352.0,32768.0,✓,✗,(✓),✓,6.62 ± 1.91 / 33.41 ± 1.45,53.81 ± 2.48 / 53.81 ± 2.48,10.27 ± 6.33 / 51.74 ± 3.67,8.72 ± 0.51 / 1.84 ± 0.40,-,-,-,16.14.0.dev0,16.14.0.dev0,16.14.0.dev0,16.14.0.dev0,-,-,-
<a href='https://hf.co/kurakurai/Luth-1.7B-Instruct'>kurakurai/Luth-1.7B-Instruct</a>,📝,-,1720574976.0,151936.0,40960.0,✗,✗,(✓),✗,21.32 ± 0.95 / 44.39 ± 1.54,62.95 ± 3.27 / 62.95 ± 3.27,5.99 ± 3.64 / 52.40 ± 2.03,52.78 ± 1.06 / 28.99 ± 1.99,-,20.33 ± 1.58 / 40.47 ± 1.07,0.99 ± 1.72 / 50.40 ± 0.79,16.9.0.dev0,16.9.0.dev0,16.9.0.dev0,16.9.0.dev0,-,16.9.0.dev0,16.9.0.dev0
<a href='https://hf.co/jhu-clsp/mmBERT-small'>jhu-clsp/mmBERT-small</a>,🔍,-,140645001.0,256000.0,8192.0,✓,✗,(✓),✓,5.38 ± 2.62 / 35.22 ± 2.50,75.86 ± 1.75 / 75.86 ± 1.75,7.50 ± 6.52 / 51.88 ± 3.10,18.01 ± 1.86 / 10.65 ± 1.27,-,-,-,16.9.0.dev0,16.9.0.dev0,16.9.0.dev0,16.9.0.dev0,-,-,-
<a href='https://hf.co/jhu-clsp/mmBERT-base'>jhu-clsp/mmBERT-base</a>,🔍,-,307537161.0,256000.0,8192.0,✓,✗,(✓),✓,9.06 ± 3.19 / 37.84 ± 2.49,76.49 ± 2.36 / 76.49 ± 2.36,6.07 ± 5.65 / 51.55 ± 2.70,25.23 ± 1.59 / 16.56 ± 1.70,-,-,-,16.9.0.dev0,16.9.0.dev0,16.9.0.dev0,16.9.0.dev0,-,-,-
<a href='https://hf.co/intfloat/multilingual-e5-large'>intfloat/multilingual-e5-large</a>,🔍,-,559890946.0,250002.0,512.0,✓,✗,(✓),✗,20.68 ± 2.55 / 45.50 ± 1.78,86.60 ± 0.99 / 86.60 ± 0.99,1.32 ± 3.19 / 45.44 ± 4.23,26.50 ± 1.82 / 17.86 ± 1.80,-,-,-,16.9.0.dev0,16.9.0.dev0,16.9.0.dev0,16.9.0.dev0,-,-,-
<a href='https://hf.co/intfloat/multilingual-e5-base'>intfloat/multilingual-e5-base</a>,🔍,-,278044162.0,250002.0,512.0,✓,✗,(✓),✗,17.77 ± 2.36 / 43.79 ± 1.71,85.86 ± 0.95 / 85.86 ± 0.95,3.59 ± 5.84 / 43.40 ± 5.13,13.89 ± 2.93 / 8.27 ± 1.89,-,-,-,16.9.0.dev0,16.9.0.dev0,16.9.0.dev0,16.9.0.dev0,-,-,-
"<a href='https://ai.google.dev/gemini-api/docs/models#gemini-2.5-pro'>gemini/gemini-2.5-pro (zero-shot, val)</a>",🤔,-,?,256128.0,1048576.0,✓,✗,✗,✓,28.98 ± 4.32 / 51.43 ± 2.96,76.79 ± 1.67 / 76.79 ± 1.67,50.19 ± 4.19 / 74.21 ± 2.21,56.05 ± 1.16 / 24.86 ± 1.83,-,88.20 ± 3.30 / 91.09 ± 2.54,77.16 ± 3.73 / 89.45 ± 1.70,16.9.0.dev0,16.9.0.dev0,16.9.0.dev0,16.9.0.dev0,-,16.9.0.dev0,16.9.0.dev0
<a href='https://hf.co/ibm-granite/granite-4.0-micro'>ibm-granite/granite-4.0-micro</a>,📝,-,3402836480.0,100352.0,131072.0,✓,✗,(✓),✗,-,-,-,-,25.85 ± 2.91 / 28.11 ± 3.59,-,-,-,-,-,-,16.14.0.dev0,-,-
"<a href='https://platform.openai.com/docs/models/gpt-4.1-nano'>gpt-4.1-nano-2025-04-14 (zero-shot, val)</a>",📝,-,?,?,1047576.0,✓,✗,✗,✓,24.95 ± 2.70 / 49.40 ± 1.79,72.54 ± 1.93 / 72.54 ± 1.93,30.93 ± 5.70 / 63.63 ± 2.92,49.59 ± 1.47 / 24.56 ± 2.12,-,41.30 ± 6.97 / 56.56 ± 4.93,2.35 ± 6.95 / 54.14 ± 3.22,16.9.0.dev0,16.9.0.dev0,16.9.0.dev0,16.9.0.dev0,-,16.9.0.dev0,16.9.0.dev0
"<a href='https://platform.openai.com/docs/models/gpt-4.1-mini'>gpt-4.1-mini-2025-04-14 (zero-shot, val)</a>",📝,-,?,?,1047576.0,✓,✗,✗,✓,20.54 ± 3.98 / 47.42 ± 2.55,70.88 ± 1.90 / 70.88 ± 1.90,38.62 ± 7.93 / 68.28 ± 3.83,55.39 ± 1.11 / 25.20 ± 1.30,-,67.23 ± 2.34 / 74.69 ± 1.76,28.96 ± 5.92 / 63.75 ± 2.74,16.9.0.dev0,16.9.0.dev0,16.9.0.dev0,16.9.0.dev0,-,16.9.0.dev0,16.9.0.dev0
<a href='https://hf.co/google/rembert'>google/rembert</a>,🔍,-,574602505.0,250300.0,512.0,✓,✗,(✓),✓,2.96 ± 1.73 / 26.54 ± 2.60,77.89 ± 1.05 / 77.89 ± 1.04,5.43 ± 4.77 / 41.70 ± 5.93,30.27 ± 1.09 / 21.59 ± 1.19,-,-,-,16.9.0.dev0,16.9.0.dev0,16.9.0.dev0,16.9.0.dev0,-,-,-
<a href='https://hf.co/LiquidAI/LFM2-2.6B'>LiquidAI/LFM2-2.6B</a>,📝,-,2569272320.0,65536.0,128000.0,✗,✗,(✓),✓,4.84 ± 1.10 / 22.16 ± 1.06,55.25 ± 3.04 / 55.25 ± 3.04,4.43 ± 2.49 / 40.75 ± 5.61,12.30 ± 0.80 / 2.67 ± 0.98,-,5.30 ± 2.21 / 28.69 ± 1.66,0.75 ± 0.99 / 50.92 ± 0.79,16.9.0.dev0,16.9.0.dev0,16.9.0.dev0,16.9.0.dev0,-,16.9.0.dev0,16.9.0.dev0
<a href='https://hf.co/google/gemma-3n-E2B-it'>google/gemma-3n-E2B-it</a>,📝,-,5439438272.0,262400.0,8192.0,✓,✗,(✓),✓,27.45 ± 0.95 / 50.00 ± 0.69,73.10 ± 1.53 / 73.10 ± 1.53,23.93 ± 3.80 / 60.81 ± 2.25,58.83 ± 1.02 / 36.33 ± 0.50,-,34.85 ± 2.23 / 50.84 ± 1.79,11.96 ± 1.23 / 55.77 ± 0.58,16.11.0.dev0,16.11.0.dev0,16.11.0.dev0,16.11.0.dev0,-,16.11.0.dev0,16.11.0.dev0
<a href='https://hf.co/LiquidAI/LFM2.5-1.2B-Base'>LiquidAI/LFM2.5-1.2B-Base</a>,📝,-,1170340608.0,65536.0,128000.0,✗,✗,(✓),✓,2.14 ± 1.68 / 24.63 ± 3.00,47.37 ± 1.97 / 47.37 ± 1.97,0.45 ± 5.97 / 41.21 ± 5.89,4.75 ± 0.25 / 0.00 ± 0.00,-,1.34 ± 2.71 / 25.50 ± 1.66,0.47 ± 1.53 / 49.65 ± 1.06,16.10.1.dev0,16.10.1.dev0,16.10.1.dev0,16.10.1.dev0,-,16.10.1.dev0,16.10.1.dev0
<a href='https://hf.co/LiquidAI/LFM2.5-1.2B-Instruct'>LiquidAI/LFM2.5-1.2B-Instruct</a>,📝,-,1170340608.0,65536.0,128000.0,✗,✗,(✓),✓,0.63 ± 1.23 / 19.88 ± 2.40,31.91 ± 2.66 / 31.91 ± 2.66,-0.97 ± 4.39 / 39.32 ± 5.50,3.70 ± 0.31 / 0.00 ± 0.00,-,-0.94 ± 1.86 / 25.10 ± 1.41,0.96 ± 1.45 / 50.63 ± 0.67,16.10.1.dev0,16.10.1.dev0,16.10.1.dev0,16.10.1.dev0,-,16.10.1.dev0,16.10.1.dev0
<a href='https://hf.co/LiquidAI/LFM2.5-1.2B-Thinking'>LiquidAI/LFM2.5-1.2B-Thinking</a>,🤔,-,1170340608.0,65536.0,128000.0,✗,✗,(✓),✓,4.97 ± 2.06 / 36.22 ± 1.44,9.68 ± 1.85 / 9.68 ± 1.85,4.46 ± 4.05 / 36.95 ± 0.79,1.89 ± 0.09 / 0.00 ± 0.00,-,7.68 ± 2.19 / 31.01 ± 1.58,-3.14 ± 3.34 / 48.63 ± 1.66,16.10.1.dev0,16.10.1.dev0,16.10.1.dev0,16.10.1.dev0,-,16.10.1.dev0,16.10.1.dev0
<a href='https://hf.co/NbAiLab/borealis-270m-instruct-preview'>NbAiLab/borealis-270m-instruct-preview (val)</a>,📝,-,268098176.0,262144.0,32768.0,✓,✗,(✓),✗,1.31 ± 2.82 / 21.20 ± 2.81,-,0.59 ± 1.16 / 34.55 ± 3.12,-,-,-,-,16.16.1.dev0,-,16.16.1.dev0,-,-,-,-
<a href='https://hf.co/ibm-granite/granite-4.0-h-micro'>ibm-granite/granite-4.0-h-micro</a>,📝,-,3191396096.0,100352.0,131072.0,✓,✗,(✓),✗,-,-,-,-,31.90 ± 0.27 / 36.27 ± 0.27,-,-,-,-,-,-,16.14.0.dev0,-,-
<a href='https://hf.co/AI-Sweden-Models/ModernBERT-large'>AI-Sweden-Models/ModernBERT-large</a>,🔍,-,395881664.0,50368.0,8192.0,✓,✗,(✓),✗,1.97 ± 1.60 / 30.79 ± 1.89,57.82 ± 1.55 / 57.81 ± 1.55,1.22 ± 6.08 / 47.08 ± 2.53,18.26 ± 1.77 / 11.00 ± 1.68,-,-,-,16.9.0.dev0,16.9.0.dev0,16.9.0.dev0,16.9.0.dev0,-,-,-
