<span style='font-size: 12px; font-weight: normal; opacity: 0.6;'>Task Type</span>,<span style='visibility: hidden;'>dummy</span>,,,,,,,,,<a id=10 href='https://euroeval.com/tasks/sentiment-classification/' style='font-size: 12px; font-weight: normal; color: Grey; text-decoration: underline;'>Sentiment classification</a>,<a id=11 href='https://euroeval.com/tasks/named-entity-recognition/' style='font-size: 12px; font-weight: normal; color: Grey; text-decoration: underline;'>Named entity recognition</a>,<a id=12 href='https://euroeval.com/tasks/linguistic-acceptability/' style='font-size: 12px; font-weight: normal; color: Grey; text-decoration: underline;'>Linguistic acceptability</a>,<a id=13 href='https://euroeval.com/tasks/reading-comprehension/' style='font-size: 12px; font-weight: normal; color: Grey; text-decoration: underline;'>Reading comprehension</a>,<a id=14 href='https://euroeval.com/tasks/knowledge/' style='font-size: 12px; font-weight: normal; color: Grey; text-decoration: underline;'>Knowledge</a>,<a id=15 href='https://euroeval.com/tasks/common-sense-reasoning/' style='font-size: 12px; font-weight: normal; color: Grey; text-decoration: underline;'>Common sense reasoning</a>,<span style='visibility: hidden;'>hidden</span>,,,,,
Model,Type,Rank,Parameters,Vocabulary,Context,Commercial,Merge,Open,Trained from scratch,<a href='https://euroeval.com/datasets/slovene#sentinews'>sentinews</a>,<a href='https://euroeval.com/datasets/slovene#ssj500k-ner'>ssj500k_ner</a>,<a href='https://euroeval.com/datasets/slovene#scala-sl'>scala_sl</a>,<a href='https://euroeval.com/datasets/slovene#multi-wiki-qa-sl'>multi_wiki_qa_sl</a>,<a href='https://euroeval.com/datasets/slovene#mmlu-sl'>mmlu_sl</a>,<a href='https://euroeval.com/datasets/slovene#winogrande-sl'>winogrande_sl</a>,sentinews_version,ssj500k_ner_version,scala_sl_version,multi_wiki_qa_sl_version,mmlu_sl_version,winogrande_sl_version
"<a href='https://ai.google.dev/gemini-api/docs/models#gemini-2.5-flash'>gemini/gemini-2.5-flash#thinking (zero-shot, val)</a>",🤔,1.34,?,256128.0,1048576.0,✓,✗,✗,✓,56.20 ± 1.67 / 69.30 ± 1.04,71.50 ± 3.28 / 61.38 ± 3.03,64.71 ± 3.82 / 81.34 ± 2.03,62.19 ± 0.95 / 42.19 ± 1.45,74.49 ± 2.02 / 80.94 ± 1.52,72.09 ± 4.28 / 86.80 ± 2.11,16.7.0.dev0,16.7.0.dev0,16.7.0.dev0,16.7.0.dev0,16.7.0.dev0,16.7.0.dev0
"<a href='https://docs.anthropic.com/en/docs/about-claude'>claude-sonnet-4-5-20250929#thinking (zero-shot, val)</a>",🤔,1.37,?,?,200000.0,✓,✗,✗,✓,50.59 ± 3.25 / 65.18 ± 2.31,76.38 ± 1.80 / 68.68 ± 1.62,58.28 ± 2.10 / 78.97 ± 1.04,59.92 ± 1.26 / 34.27 ± 1.77,78.24 ± 1.50 / 83.83 ± 1.14,82.69 ± 3.71 / 91.48 ± 1.86,16.7.0.dev0,16.7.0.dev0,16.7.0.dev0,16.7.0.dev0,16.7.0.dev0,16.7.0.dev0
"<a href='https://platform.openai.com/docs/models/gpt-5'>gpt-5-2025-08-07 (zero-shot, val)</a>",🤔,1.37,?,100256.0,272000.0,✓,✗,✗,✓,50.72 ± 2.48 / 65.39 ± 1.79,75.31 ± 2.09 / 62.49 ± 2.57,59.76 ± 2.84 / 79.48 ± 1.38,61.38 ± 1.11 / 39.62 ± 2.23,82.65 ± 1.80 / 87.11 ± 1.34,74.61 ± 3.61 / 87.73 ± 1.88,16.7.0.dev0,16.7.0.dev0,16.7.0.dev0,16.7.0.dev0,16.7.0.dev0,16.7.0.dev0
"<a href='https://ai.google.dev/gemini-api/docs/models#gemini-3-pro-preview'>gemini/gemini-3-pro-preview (zero-shot, val)</a>",🤔,1.39,?,256128.0,1048576.0,✓,✗,✗,✓,52.25 ± 2.38 / 66.79 ± 1.62,70.92 ± 2.34 / 63.10 ± 2.38,69.74 ± 2.78 / 83.84 ± 1.57,59.50 ± 1.32 / 34.82 ± 2.14,79.93 ± 1.20 / 85.16 ± 0.89,68.89 ± 4.76 / 85.23 ± 2.31,16.7.1.dev0,16.7.1.dev0,16.7.1.dev0,16.7.1.dev0,16.7.1.dev0,16.7.1.dev0
"<a href='https://ai.google.dev/gemini-api/docs/models#gemini-2.5-pro'>gemini/gemini-2.5-pro (zero-shot, val)</a>",🤔,1.43,?,256128.0,1048576.0,✓,✗,✗,✓,54.42 ± 2.53 / 67.87 ± 1.75,65.72 ± 2.12 / 54.05 ± 2.52,61.70 ± 2.27 / 80.22 ± 1.17,56.50 ± 1.33 / 29.76 ± 1.68,80.75 ± 2.11 / 85.74 ± 1.57,69.80 ± 4.44 / 86.02 ± 2.02,16.7.0.dev0,16.7.0.dev0,16.7.0.dev0,16.7.0.dev0,16.7.0.dev0,16.7.0.dev0
"<a href='https://ai.google.dev/gemini-api/docs/models#gemini-3-flash-preview'>gemini/gemini-3-flash-preview#no-thinking (zero-shot, val)</a>",📝,1.45,?,256128.0,1048576.0,✓,✗,✗,✓,56.26 ± 2.23 / 69.52 ± 1.30,71.77 ± 3.05 / 58.02 ± 3.20,60.93 ± 3.34 / 80.28 ± 1.63,56.27 ± 1.39 / 28.62 ± 2.17,79.95 ± 1.29 / 85.12 ± 0.98,57.75 ± 4.65 / 78.52 ± 2.24,16.9.0.dev0,16.9.0.dev0,16.9.0.dev0,16.9.0.dev0,16.9.0.dev0,16.9.0.dev0
"<a href='https://ai.google.dev/gemini-api/docs/models#gemini-3.1-flash-lite-preview'>gemini/gemini-3.1-flash-lite-preview (zero-shot, val)</a>",🤔,1.46,?,256128.0,1048576.0,✓,✗,✗,✓,54.25 ± 0.98 / 68.24 ± 0.65,70.24 ± 1.25 / 50.78 ± 1.40,62.19 ± 1.88 / 80.31 ± 0.98,59.27 ± 0.51 / 32.75 ± 0.91,74.77 ± 1.05 / 81.09 ± 0.81,63.34 ± 2.11 / 82.11 ± 1.08,16.17.0.dev0,16.17.0.dev0,16.17.0.dev0,16.17.0.dev0,16.17.0.dev0,16.17.0.dev0
"<a href='https://platform.openai.com/docs/models/gpt-5.4-mini'>openai/gpt-5.4-mini-2026-03-17#high (zero-shot, val)</a>",🤔,1.50,?,?,400000.0,✓,✗,✗,✓,51.58 ± 1.32 / 65.99 ± 0.97,80.44 ± 0.77 / 66.57 ± 1.38,56.73 ± 1.30 / 78.19 ± 0.63,60.97 ± 0.67 / 40.33 ± 1.12,79.40 ± 0.67 / 84.61 ± 0.50,53.52 ± 2.29 / 77.97 ± 1.13,17.0.0.dev0,17.0.0.dev0,17.0.0.dev0,17.0.0.dev0,17.0.0.dev0,17.0.0.dev0
"<a href='https://ai.google.dev/gemini-api/docs/models#gemini-3-flash-preview'>gemini/gemini-3-flash-preview#thinking (zero-shot, val)</a>",🤔,1.52,?,256128.0,1048576.0,✓,✗,✗,✓,58.33 ± 1.96 / 70.80 ± 1.27,68.53 ± 2.28 / 59.73 ± 1.86,58.98 ± 3.64 / 78.52 ± 1.85,56.27 ± 1.39 / 28.62 ± 2.17,79.78 ± 1.34 / 85.04 ± 1.05,59.26 ± 5.70 / 80.70 ± 2.80,16.9.0.dev0,16.9.0.dev0,16.9.0.dev0,16.9.0.dev0,16.9.0.dev0,16.9.0.dev0
"<a href='https://platform.openai.com/docs/models/gpt-5.4-mini'>openai/gpt-5.4-mini-2026-03-17#low (zero-shot, val)</a>",🤔,1.53,?,?,400000.0,✓,✗,✗,✓,49.62 ± 1.00 / 64.51 ± 0.69,75.67 ± 1.06 / 64.73 ± 1.49,64.04 ± 1.54 / 81.86 ± 0.73,59.65 ± 0.75 / 36.97 ± 1.13,77.51 ± 0.61 / 83.20 ± 0.49,56.60 ± 1.94 / 79.06 ± 0.97,17.0.0.dev0,17.0.0.dev0,17.0.0.dev0,17.0.0.dev0,17.0.0.dev0,17.0.0.dev0
"<a href='https://platform.openai.com/docs/models/gpt-5.4-mini'>openai/gpt-5.4-mini-2026-03-17#medium (zero-shot, val)</a>",🤔,1.56,?,?,400000.0,✓,✗,✗,✓,50.35 ± 1.48 / 64.86 ± 1.05,83.51 ± 0.87 / 73.01 ± 1.22,58.72 ± 1.20 / 79.07 ± 0.53,59.62 ± 0.72 / 38.56 ± 1.12,77.46 ± 0.70 / 83.16 ± 0.54,49.26 ± 3.36 / 76.25 ± 1.55,17.0.0.dev0,17.0.0.dev0,17.0.0.dev0,17.0.0.dev0,17.0.0.dev0,17.0.0.dev0
"<a href='https://docs.anthropic.com/en/docs/about-claude'>claude-sonnet-4-6 (zero-shot, val)</a>",🤔,1.57,?,?,?,✓,✗,✗,✓,55.02 ± 1.25 / 68.13 ± 0.87,69.54 ± 1.28 / 58.75 ± 0.94,59.72 ± 1.16 / 77.35 ± 0.64,58.36 ± 0.62 / 31.50 ± 0.87,76.02 ± 0.62 / 82.27 ± 0.47,57.87 ± 2.14 / 78.98 ± 1.07,16.17.0.dev0,16.17.0.dev0,16.17.0.dev0,16.17.0.dev0,16.17.0.dev0,16.17.0.dev0
<a href='https://hf.co/google/gemma-4-31B-it'>google/gemma-4-31B-it (val)</a>,📝,1.60,31273088876.0,262144.0,8192.0,✓,✗,(✓),✓,58.61 ± 1.50 / 70.14 ± 1.06,73.49 ± 1.15 / 69.09 ± 1.06,51.75 ± 1.25 / 75.63 ± 0.65,59.17 ± 0.68 / 33.69 ± 1.08,69.96 ± 1.04 / 77.58 ± 0.78,58.68 ± 2.34 / 79.84 ± 1.22,17.1.0.dev0,17.1.0.dev0,17.1.0.dev0,17.1.0.dev0,17.1.0.dev0,17.1.0.dev0
"<a href='https://docs.x.ai/docs/models'>xai/grok-4-1-fast-reasoning (zero-shot, val)</a>",🤔,1.62,?,?,131072.0,✓,✗,✗,✓,55.07 ± 1.14 / 68.69 ± 0.84,71.13 ± 1.13 / 64.40 ± 1.21,40.50 ± 2.22 / 68.67 ± 1.07,62.04 ± 0.56 / 40.79 ± 1.16,77.85 ± 1.16 / 83.55 ± 0.88,63.13 ± 2.69 / 82.34 ± 1.34,16.17.0.dev0,16.17.0.dev0,16.17.0.dev0,16.17.0.dev0,16.17.0.dev0,16.17.0.dev0
"<a href='https://platform.openai.com/docs/models/gpt-5.2'>gpt-5.2-2025-12-11 (zero-shot, val)</a>",🤔,1.63,?,?,?,✓,✗,✗,✓,47.67 ± 2.40 / 63.43 ± 1.76,67.42 ± 2.62 / 47.76 ± 2.97,56.59 ± 2.90 / 78.21 ± 1.47,64.90 ± 1.06 / 37.47 ± 1.61,77.22 ± 1.63 / 83.05 ± 1.25,52.83 ± 6.27 / 76.17 ± 3.07,16.8.0.dev0,16.8.0.dev0,16.8.0.dev0,16.8.0.dev0,16.8.0.dev0,16.8.0.dev0
"<a href='https://platform.openai.com/docs/models/gpt-5.4-nano'>openai/gpt-5.4-nano-2026-03-17#high (zero-shot, val)</a>",🤔,1.69,?,?,400000.0,✓,✗,✗,✓,53.12 ± 1.24 / 66.47 ± 0.85,66.80 ± 1.00 / 47.39 ± 1.39,53.89 ± 1.88 / 76.50 ± 0.91,55.00 ± 0.65 / 26.83 ± 1.11,78.40 ± 0.49 / 83.67 ± 0.40,53.80 ± 2.17 / 76.80 ± 1.15,17.0.0.dev0,17.0.0.dev0,17.0.0.dev0,17.0.0.dev0,17.0.0.dev0,17.0.0.dev0
"<a href='https://platform.openai.com/docs/models/gpt-5-mini'>gpt-5-mini-2025-08-07 (zero-shot, val)</a>",🤔,1.69,?,100256.0,272000.0,✓,✗,✗,✓,48.49 ± 2.26 / 64.30 ± 1.54,61.45 ± 4.30 / 46.10 ± 4.28,51.87 ± 4.58 / 74.92 ± 2.37,60.54 ± 1.15 / 40.11 ± 1.88,75.50 ± 2.00 / 81.60 ± 1.57,65.54 ± 3.20 / 83.75 ± 1.37,16.7.0.dev0,16.7.0.dev0,16.7.0.dev0,16.7.0.dev0,16.7.0.dev0,16.7.0.dev0
"<a href='https://ai.google.dev/gemini-api/docs/models#gemini-2.5-flash-lite'>gemini/gemini-2.5-flash-lite#thinking (zero-shot, val)</a>",🤔,1.75,?,256128.0,1048576.0,✓,✗,✗,✓,48.93 ± 2.06 / 64.06 ± 1.40,65.62 ± 2.86 / 52.78 ± 2.36,58.26 ± 2.73 / 78.80 ± 1.42,59.83 ± 1.40 / 37.61 ± 2.26,71.32 ± 2.08 / 78.40 ± 1.51,50.12 ± 4.59 / 76.80 ± 2.15,16.7.0.dev0,16.7.0.dev0,16.7.0.dev0,16.7.0.dev0,16.7.0.dev0,16.7.0.dev0
"<a href='https://ai.google.dev/gemini-api/docs/models#gemini-2.5-flash'>gemini/gemini-2.5-flash#no-thinking (zero-shot, val)</a>",📝,1.79,?,256128.0,1048576.0,✓,✗,✗,✓,48.90 ± 2.63 / 64.27 ± 1.99,71.18 ± 2.99 / 51.82 ± 2.43,51.77 ± 2.99 / 75.66 ± 1.55,59.70 ± 1.49 / 36.42 ± 1.89,70.98 ± 1.44 / 78.24 ± 1.12,48.76 ± 5.77 / 75.78 ± 2.80,16.7.0.dev0,16.7.0.dev0,16.7.0.dev0,16.7.0.dev0,16.7.0.dev0,16.7.0.dev0
<a href='https://hf.co/google/gemma-3-27b-pt'>google/gemma-3-27b-pt</a>,🧠,1.87,27432406640.0,262144.0,8192.0,✓,✗,(✓),✓,49.04 ± 1.36 / 64.67 ± 0.91,62.97 ± 0.94 / 59.65 ± 1.13,48.42 ± 4.55 / 72.36 ± 4.25,72.95 ± 2.55 / 54.88 ± 2.72,59.58 ± 0.57 / 69.63 ± 0.41,45.93 ± 2.08 / 72.90 ± 1.03,16.7.1.dev0,16.7.1.dev0,16.7.1.dev0,16.7.1.dev0,16.7.1.dev0,16.7.1.dev0
"<a href='https://platform.openai.com/docs/models/gpt-5.4-nano'>openai/gpt-5.4-nano-2026-03-17#medium (zero-shot, val)</a>",🤔,1.89,?,?,400000.0,✓,✗,✗,✓,51.37 ± 1.09 / 65.45 ± 0.87,61.07 ± 0.80 / 44.85 ± 1.17,51.14 ± 1.44 / 74.66 ± 0.68,54.18 ± 0.51 / 25.28 ± 0.79,70.91 ± 1.12 / 78.20 ± 0.87,45.99 ± 2.55 / 73.05 ± 1.18,17.0.0.dev0,17.0.0.dev0,17.0.0.dev0,17.0.0.dev0,17.0.0.dev0,17.0.0.dev0
"<a href='https://platform.openai.com/docs/models/gpt-4.1'>gpt-4.1-2025-04-14 (zero-shot, val)</a>",📝,1.90,?,?,1047576.0,✓,✗,✗,✓,54.00 ± 1.91 / 67.85 ± 1.35,46.24 ± 2.82 / 30.06 ± 1.73,48.91 ± 2.14 / 70.55 ± 1.32,56.63 ± 1.01 / 28.87 ± 1.63,71.33 ± 1.92 / 78.36 ± 1.44,59.48 ± 4.19 / 80.47 ± 2.08,16.7.0.dev0,16.7.0.dev0,16.7.0.dev0,16.7.0.dev0,16.7.0.dev0,16.7.0.dev0
<a href='https://hf.co/mistralai/Voxtral-Small-24B-2507'>mistralai/Voxtral-Small-24B-2507</a>,📝,1.93,24261800960.0,131072.0,8192.0,✓,✗,(✓),✓,50.92 ± 0.93 / 62.29 ± 1.33,65.39 ± 1.87 / 60.92 ± 1.60,38.76 ± 1.70 / 68.85 ± 0.91,71.36 ± 2.37 / 55.24 ± 2.60,55.71 ± 0.48 / 66.64 ± 0.35,46.74 ± 2.06 / 73.35 ± 1.05,16.7.1.dev0,16.7.1.dev0,16.7.1.dev0,16.7.1.dev0,16.7.1.dev0,16.7.1.dev0
<a href='https://hf.co/meta-llama/Llama-3.1-70B'>meta-llama/Llama-3.1-70B</a>,🧠,1.95,70553706496.0,128256.0,131072.0,✓,✗,(✓),✓,49.78 ± 1.11 / 59.39 ± 1.85,66.84 ± 1.04 / 61.15 ± 1.56,41.00 ± 3.19 / 69.44 ± 1.92,74.14 ± 1.89 / 56.36 ± 1.93,55.30 ± 0.86 / 66.09 ± 0.62,44.81 ± 2.65 / 72.35 ± 1.29,16.7.1.dev0,16.7.1.dev0,16.7.1.dev0,16.7.1.dev0,16.7.1.dev0,16.7.1.dev0
"<a href='https://docs.anthropic.com/en/docs/about-claude'>claude-sonnet-4-5-20250929#no-thinking (zero-shot, val)</a>",📝,1.95,?,?,200000.0,✓,✗,✗,✓,46.69 ± 3.41 / 60.97 ± 2.39,74.26 ± 2.46 / 66.04 ± 3.15,33.36 ± 3.31 / 56.97 ± 1.83,61.38 ± 1.35 / 35.29 ± 2.17,61.33 ± 1.83 / 69.30 ± 1.50,46.64 ± 4.58 / 68.05 ± 2.68,16.7.0.dev0,16.7.0.dev0,16.7.0.dev0,16.7.0.dev0,16.7.0.dev0,16.7.0.dev0
<a href='https://hf.co/mistralai/Mistral-Small-3.2-24B-Instruct-2506'>mistralai/Mistral-Small-3.2-24B-Instruct-2506</a>,📝,1.97,24011361280.0,131072.0,8192.0,✓,✗,(✓),✓,50.63 ± 1.16 / 62.77 ± 1.38,65.11 ± 1.02 / 56.29 ± 1.84,39.39 ± 2.02 / 68.12 ± 1.39,76.44 ± 2.36 / 60.16 ± 2.66,55.45 ± 0.97 / 66.36 ± 0.72,41.10 ± 1.90 / 70.52 ± 0.97,16.7.1.dev0,16.7.1.dev0,16.7.1.dev0,16.7.1.dev0,16.7.1.dev0,16.7.1.dev0
"<a href='https://platform.openai.com/docs/models/gpt-5.4-nano'>openai/gpt-5.4-nano-2026-03-17#low (zero-shot, val)</a>",🤔,1.98,?,?,400000.0,✓,✗,✗,✓,50.23 ± 0.91 / 64.63 ± 0.69,58.20 ± 0.92 / 36.83 ± 1.04,54.08 ± 1.95 / 76.70 ± 0.99,57.40 ± 0.48 / 25.98 ± 0.99,66.70 ± 1.08 / 75.16 ± 0.81,40.46 ± 3.04 / 69.14 ± 1.67,17.0.0.dev0,17.0.0.dev0,17.0.0.dev0,17.0.0.dev0,17.0.0.dev0,17.0.0.dev0
<a href='https://hf.co/mistralai/Mistral-Small-3.1-24B-Instruct-2503'>mistralai/Mistral-Small-3.1-24B-Instruct-2503</a>,📝,1.98,24011361280.0,131072.0,8192.0,✓,✗,(✓),✓,50.48 ± 1.24 / 65.31 ± 0.79,64.38 ± 0.90 / 55.40 ± 1.75,42.26 ± 1.51 / 70.94 ± 0.79,73.22 ± 2.27 / 55.34 ± 2.25,55.79 ± 0.91 / 66.70 ± 0.70,42.66 ± 1.38 / 71.24 ± 0.73,16.7.1.dev0,16.7.1.dev0,16.7.1.dev0,16.7.1.dev0,16.7.1.dev0,16.7.1.dev0
<a href='https://hf.co/google/gemma-3-27b-it'>google/gemma-3-27b-it</a>,📝,2.00,27432406640.0,262144.0,8192.0,✓,✗,(✓),✓,50.26 ± 1.27 / 66.58 ± 0.81,57.98 ± 1.11 / 47.94 ± 1.12,50.53 ± 1.20 / 74.94 ± 0.68,64.41 ± 0.94 / 41.63 ± 2.14,56.45 ± 0.75 / 67.20 ± 0.57,45.08 ± 1.33 / 72.53 ± 0.66,16.7.1.dev0,16.7.1.dev0,16.7.1.dev0,16.7.1.dev0,16.7.1.dev0,16.7.1.dev0
<a href='https://hf.co/Unbabel/Tower-Plus-72B'>Unbabel/Tower-Plus-72B (val)</a>,📝,2.02,72706203648.0,152064.0,32768.0,✗,✗,(✓),✗,57.76 ± 2.16 / 69.09 ± 1.77,63.88 ± 4.08 / 55.09 ± 3.61,35.53 ± 2.33 / 67.14 ± 1.11,68.66 ± 1.57 / 47.11 ± 3.12,63.51 ± 1.98 / 72.27 ± 1.66,33.11 ± 4.86 / 68.75 ± 1.94,16.16.1.dev0,16.16.1.dev0,16.16.1.dev0,16.16.1.dev0,16.16.1.dev0,16.16.1.dev0
<a href='https://hf.co/google/gemma-4-26B-A4B-it'>google/gemma-4-26B-A4B-it (val)</a>,📝,2.03,25805936206.0,262144.0,8192.0,✓,✗,(✓),✓,54.04 ± 1.46 / 67.02 ± 1.00,72.70 ± 1.51 / 64.17 ± 1.25,34.61 ± 1.93 / 66.53 ± 0.96,58.76 ± 0.69 / 33.35 ± 0.92,62.10 ± 1.23 / 71.56 ± 0.95,35.24 ± 3.40 / 67.73 ± 1.41,17.1.0.dev0,17.1.0.dev0,17.1.0.dev0,17.1.0.dev0,17.1.0.dev0,17.1.0.dev0
<a href='https://hf.co/Qwen/Qwen3-32B'>Qwen/Qwen3-32B#no-thinking</a>,📝,2.04,32762123264.0,151936.0,40960.0,✓,✗,✗,✓,50.35 ± 1.48 / 66.20 ± 0.90,54.19 ± 1.32 / 40.59 ± 1.06,45.93 ± 1.66 / 72.68 ± 0.91,71.61 ± 0.84 / 48.30 ± 1.24,61.03 ± 1.00 / 70.61 ± 0.78,40.22 ± 1.51 / 70.06 ± 0.74,16.7.1.dev0,16.7.1.dev0,16.7.1.dev0,16.7.1.dev0,16.7.1.dev0,16.7.1.dev0
"<a href='https://platform.openai.com/docs/models/gpt-5.4-mini'>openai/gpt-5.4-mini-2026-03-17#none (zero-shot, val)</a>",🤔,2.04,?,?,400000.0,✓,✗,✗,✓,50.59 ± 1.29 / 64.81 ± 0.96,63.90 ± 1.15 / 41.36 ± 1.20,56.06 ± 1.11 / 77.15 ± 0.65,61.41 ± 0.74 / 38.84 ± 1.03,62.18 ± 1.01 / 71.29 ± 0.81,26.82 ± 3.13 / 64.06 ± 1.44,17.0.0.dev0,17.0.0.dev0,17.0.0.dev0,17.0.0.dev0,17.0.0.dev0,17.0.0.dev0
<a href='https://hf.co/Qwen/Qwen3.5-35B-A3B-Base'>Qwen/Qwen3.5-35B-A3B-Base (val)</a>,🤔,2.05,35951817904.0,248044.0,8192.0,✓,✗,(✓),✓,43.43 ± 1.28 / 60.56 ± 0.99,68.21 ± 2.40 / 63.25 ± 2.39,47.25 ± 2.62 / 72.81 ± 1.37,62.35 ± 0.53 / 44.43 ± 0.76,70.70 ± 0.72 / 77.97 ± 0.49,23.29 ± 4.60 / 60.16 ± 3.65,17.1.0.dev0,17.1.0.dev0,17.1.0.dev0,17.1.0.dev0,17.1.0.dev0,17.1.0.dev0
<a href='https://hf.co/mistralai/Mistral-Small-3.1-24B-Base-2503'>mistralai/Mistral-Small-3.1-24B-Base-2503</a>,🧠,2.07,24011361280.0,131072.0,8192.0,✓,✗,(✓),✓,49.31 ± 0.92 / 62.56 ± 1.96,63.83 ± 1.47 / 59.01 ± 1.23,35.30 ± 2.25 / 65.51 ± 1.94,74.96 ± 1.50 / 55.32 ± 2.12,56.50 ± 0.77 / 67.27 ± 0.56,40.45 ± 2.33 / 70.18 ± 1.19,16.7.1.dev0,16.7.1.dev0,16.7.1.dev0,16.7.1.dev0,16.7.1.dev0,16.7.1.dev0
<a href='https://hf.co/Qwen/Qwen3.5-9B'>Qwen/Qwen3.5-9B (val)</a>,🤔,2.11,9653100528.0,248044.0,8192.0,✓,✗,(✓),✓,50.50 ± 1.18 / 65.35 ± 0.82,53.76 ± 1.70 / 49.55 ± 1.39,35.50 ± 3.27 / 67.11 ± 1.74,38.61 ± 0.99 / 27.46 ± 0.84,73.24 ± 1.37 / 79.88 ± 1.03,61.81 ± 1.78 / 82.42 ± 0.86,17.1.0.dev0,17.1.0.dev0,17.1.0.dev0,17.1.0.dev0,17.1.0.dev0,17.1.0.dev0
"<a href='https://platform.openai.com/docs/models/gpt-5-nano'>gpt-5-nano-2025-08-07 (zero-shot, val)</a>",🤔,2.15,?,100256.0,272000.0,✓,✗,✗,✓,47.84 ± 2.39 / 63.74 ± 1.56,75.39 ± 1.47 / 64.93 ± 2.16,37.35 ± 2.25 / 67.21 ± 1.09,59.04 ± 1.10 / 38.19 ± 1.92,66.49 ± 2.19 / 74.84 ± 1.67,17.83 ± 5.03 / 61.56 ± 2.19,16.7.0.dev0,16.7.0.dev0,16.7.0.dev0,16.7.0.dev0,16.7.0.dev0,16.7.0.dev0
<a href='https://hf.co/Qwen/Qwen3-4B-Thinking-2507'>Qwen/Qwen3-4B-Thinking-2507</a>,🤔,2.19,4022468096.0,151936.0,262144.0,✓,✗,✗,✓,44.36 ± 0.94 / 62.73 ± 0.69,74.20 ± 0.99 / 66.59 ± 1.40,17.13 ± 1.93 / 48.09 ± 1.90,68.17 ± 1.30 / 50.31 ± 1.28,62.05 ± 0.84 / 71.52 ± 0.63,40.55 ± 1.69 / 70.20 ± 0.85,16.14.0.dev0,16.14.0.dev0,16.14.0.dev0,16.14.0.dev0,16.14.0.dev0,16.14.0.dev0
<a href='https://hf.co/mistralai/Ministral-3-14B-Instruct-2512'>mistralai/Ministral-3-14B-Instruct-2512 (val)</a>,📝,2.20,12163481600.0,131072.0,8192.0,✓,✗,(✓),✓,54.21 ± 1.28 / 66.59 ± 1.11,51.48 ± 1.37 / 33.91 ± 1.47,41.85 ± 2.12 / 70.49 ± 1.21,66.88 ± 1.49 / 50.36 ± 1.40,56.34 ± 0.97 / 67.34 ± 0.77,27.51 ± 2.24 / 63.12 ± 1.13,17.0.0.dev0,17.0.0.dev0,17.0.0.dev0,17.0.0.dev0,17.0.0.dev0,17.0.0.dev0
<a href='https://hf.co/mistralai/Ministral-3-14B-Base-2512'>mistralai/Ministral-3-14B-Base-2512 (val)</a>,🧠,2.21,13945031680.0,131072.0,8192.0,✓,✗,(✓),✓,53.90 ± 1.66 / 65.40 ± 1.15,62.65 ± 1.58 / 57.40 ± 1.42,28.95 ± 2.38 / 62.69 ± 1.56,68.51 ± 1.35 / 50.31 ± 1.49,57.72 ± 1.10 / 68.16 ± 0.89,26.59 ± 2.91 / 62.97 ± 1.44,17.0.0.dev0,17.0.0.dev0,17.0.0.dev0,17.0.0.dev0,17.0.0.dev0,17.0.0.dev0
<a href='https://hf.co/mistralai/Ministral-3-14B-Reasoning-2512'>mistralai/Ministral-3-14B-Reasoning-2512 (val)</a>,📝,2.22,13945031680.0,131072.0,8192.0,✓,✗,(✓),✓,54.37 ± 0.95 / 63.51 ± 1.15,56.06 ± 2.07 / 44.31 ± 1.85,38.16 ± 1.65 / 67.08 ± 1.25,72.64 ± 0.94 / 56.84 ± 0.90,53.48 ± 1.09 / 65.27 ± 0.95,22.04 ± 2.68 / 61.48 ± 1.37,17.0.0.dev0,17.0.0.dev0,17.0.0.dev0,17.0.0.dev0,17.0.0.dev0,17.0.0.dev0
<a href='https://hf.co/deepcogito/cogito-v2-preview-llama-70B'>deepcogito/cogito-v2-preview-llama-70B</a>,📝,2.22,70553706496.0,128256.0,131072.0,✓,✗,(✓),✗,51.09 ± 1.00 / 66.29 ± 0.61,65.65 ± 1.47 / 50.36 ± 1.79,41.76 ± 1.92 / 70.35 ± 1.01,16.77 ± 1.70 / 0.44 ± 0.21,66.67 ± 0.92 / 74.82 ± 0.69,47.88 ± 1.86 / 73.92 ± 0.95,16.7.1.dev0,16.7.1.dev0,16.7.1.dev0,16.7.1.dev0,16.7.1.dev0,16.7.1.dev0
<a href='https://hf.co/openai/gpt-oss-20b'>openai/gpt-oss-20b#medium</a>,🤔,2.23,21511953984.0,201088.0,131072.0,✓,✗,✗,✓,45.80 ± 1.41 / 63.83 ± 0.98,65.23 ± 1.16 / 58.57 ± 1.01,29.51 ± 1.79 / 62.94 ± 0.93,57.81 ± 0.53 / 35.01 ± 0.98,65.78 ± 1.00 / 74.25 ± 0.75,33.12 ± 2.35 / 66.56 ± 1.17,16.12.0.dev0,16.12.0.dev0,16.12.0.dev0,16.12.0.dev0,16.12.0.dev0,16.12.0.dev0
<a href='https://hf.co/meta-llama/Llama-3.3-70B-Instruct'>meta-llama/Llama-3.3-70B-Instruct</a>,📝,2.24,70553706496.0,128256.0,131072.0,✓,✗,(✓),✓,50.97 ± 1.18 / 67.11 ± 0.76,65.27 ± 1.67 / 50.20 ± 1.45,41.34 ± 2.61 / 68.70 ± 2.32,18.74 ± 2.15 / 4.01 ± 1.51,61.88 ± 0.40 / 71.27 ± 0.28,46.96 ± 2.49 / 73.28 ± 1.25,16.7.1.dev0,16.7.1.dev0,16.7.1.dev0,16.7.1.dev0,16.7.1.dev0,16.7.1.dev0
<a href='https://hf.co/Qwen/Qwen3-14B'>Qwen/Qwen3-14B#no-thinking</a>,📝,2.24,14768307200.0,151936.0,40960.0,✓,✗,✗,✓,49.09 ± 1.28 / 65.83 ± 0.73,56.84 ± 1.39 / 39.79 ± 1.74,37.57 ± 0.96 / 65.85 ± 0.89,72.27 ± 1.07 / 50.52 ± 1.87,51.46 ± 1.08 / 63.42 ± 0.81,28.99 ± 1.71 / 64.06 ± 0.86,16.7.1.dev0,16.7.1.dev0,16.7.1.dev0,16.7.1.dev0,16.7.1.dev0,16.7.1.dev0
<a href='https://hf.co/deepcogito/cogito-v1-preview-qwen-32B'>deepcogito/cogito-v1-preview-qwen-32B</a>,📝,2.25,32759790592.0,151665.0,131072.0,✓,✗,(✓),✗,48.62 ± 0.94 / 64.19 ± 0.45,66.37 ± 1.97 / 49.23 ± 1.70,41.56 ± 2.00 / 70.54 ± 1.12,28.64 ± 0.73 / 0.07 ± 0.07,63.05 ± 0.84 / 72.20 ± 0.63,42.02 ± 1.40 / 71.00 ± 0.69,16.7.1.dev0,16.7.1.dev0,16.7.1.dev0,16.7.1.dev0,16.7.1.dev0,16.7.1.dev0
"<a href='https://platform.openai.com/docs/models/gpt-4.1-mini'>gpt-4.1-mini-2025-04-14 (zero-shot, val)</a>",📝,2.27,?,?,1047576.0,✓,✗,✗,✓,53.77 ± 2.34 / 67.67 ± 1.73,45.08 ± 2.36 / 27.40 ± 1.12,42.06 ± 2.22 / 69.20 ± 1.47,57.34 ± 1.11 / 30.79 ± 1.68,66.59 ± 1.84 / 74.18 ± 1.57,28.77 ± 6.06 / 64.53 ± 2.82,16.7.0.dev0,16.7.0.dev0,16.7.0.dev0,16.7.0.dev0,16.7.0.dev0,16.7.0.dev0
<a href='https://hf.co/nvidia/NVIDIA-Nemotron-3-Nano-30B-A3B-BF16'>nvidia/NVIDIA-Nemotron-3-Nano-30B-A3B-BF16 (val)</a>,🤔,2.27,31577934400.0,131072.0,262144.0,✓,✗,✗,✓,50.13 ± 1.84 / 65.35 ± 1.38,76.38 ± 0.94 / 71.06 ± 1.08,20.39 ± 1.42 / 46.65 ± 1.34,51.85 ± 0.57 / 32.81 ± 0.93,60.35 ± 1.68 / 70.59 ± 1.23,29.41 ± 3.57 / 64.30 ± 1.66,17.1.0.dev0,17.1.0.dev0,17.1.0.dev0,17.1.0.dev0,17.1.0.dev0,17.1.0.dev0
"<a href='https://docs.anthropic.com/en/docs/about-claude'>claude-haiku-4-5-20251001 (zero-shot, val)</a>",🤔,2.28,?,?,200000.0,✓,✗,✗,✓,52.86 ± 2.85 / 66.86 ± 1.85,53.00 ± 2.15 / 38.40 ± 2.10,23.59 ± 3.15 / 57.22 ± 1.61,58.83 ± 1.27 / 30.62 ± 1.35,62.59 ± 1.96 / 71.64 ± 1.57,39.03 ± 6.10 / 68.75 ± 3.10,16.7.0.dev0,16.7.0.dev0,16.7.0.dev0,16.7.0.dev0,16.7.0.dev0,16.7.0.dev0
<a href='https://hf.co/Qwen/Qwen2.5-72B-Instruct'>Qwen/Qwen2.5-72B-Instruct</a>,📝,2.30,72706203648.0,152064.0,32768.0,✓,✗,(✓),✓,50.65 ± 1.44 / 66.84 ± 0.92,61.17 ± 2.05 / 45.96 ± 1.73,39.12 ± 1.24 / 69.03 ± 0.82,27.62 ± 1.43 / 2.22 ± 1.28,63.73 ± 0.34 / 72.58 ± 0.26,43.01 ± 1.71 / 71.52 ± 0.85,16.7.1.dev0,16.7.1.dev0,16.7.1.dev0,16.7.1.dev0,16.7.1.dev0,16.7.1.dev0
<a href='https://hf.co/mistralai/Ministral-3-8B-Instruct-2512'>mistralai/Ministral-3-8B-Instruct-2512 (val)</a>,📝,2.31,7415529472.0,131072.0,8192.0,✓,✗,(✓),✓,56.34 ± 1.38 / 68.36 ± 1.09,55.42 ± 1.90 / 38.51 ± 2.19,33.94 ± 1.82 / 66.14 ± 1.06,62.41 ± 1.05 / 45.63 ± 1.24,52.83 ± 1.34 / 64.06 ± 1.07,20.86 ± 2.24 / 63.28 ± 1.01,17.0.0.dev0,17.0.0.dev0,17.0.0.dev0,17.0.0.dev0,17.0.0.dev0,17.0.0.dev0
"<a href='https://ai.google.dev/gemini-api/docs/models#gemini-2.5-flash-lite'>gemini/gemini-2.5-flash-lite#no-thinking (zero-shot, val)</a>",📝,2.32,?,256128.0,1048576.0,✓,✗,✗,✓,51.52 ± 2.66 / 65.93 ± 1.82,43.82 ± 1.61 / 23.78 ± 1.34,36.49 ± 2.59 / 60.98 ± 1.74,57.00 ± 1.85 / 35.98 ± 2.28,67.29 ± 1.03 / 75.00 ± 0.91,27.26 ± 4.31 / 64.53 ± 2.02,16.7.0.dev0,16.7.0.dev0,16.7.0.dev0,16.7.0.dev0,16.7.0.dev0,16.7.0.dev0
<a href='https://hf.co/mistralai/Ministral-3-8B-Base-2512'>mistralai/Ministral-3-8B-Base-2512 (val)</a>,🧠,2.32,8918026240.0,131072.0,8192.0,✓,✗,(✓),✓,53.28 ± 1.63 / 56.10 ± 1.28,60.38 ± 2.32 / 56.72 ± 2.08,30.68 ± 2.35 / 62.74 ± 2.40,64.62 ± 1.34 / 48.39 ± 1.60,52.31 ± 1.38 / 63.20 ± 1.07,19.98 ± 4.01 / 62.73 ± 1.98,17.0.0.dev0,17.0.0.dev0,17.0.0.dev0,17.0.0.dev0,17.0.0.dev0,17.0.0.dev0
<a href='https://hf.co/deepcogito/cogito-v1-preview-llama-70B'>deepcogito/cogito-v1-preview-llama-70B</a>,📝,2.34,70553706496.0,128256.0,131072.0,✓,✗,(✓),✗,50.21 ± 1.13 / 65.02 ± 0.84,65.07 ± 1.24 / 48.96 ± 1.63,34.66 ± 3.06 / 64.33 ± 3.06,19.13 ± 2.34 / 2.01 ± 1.48,65.08 ± 1.16 / 73.66 ± 0.86,42.65 ± 1.66 / 71.30 ± 0.82,16.7.1.dev0,16.7.1.dev0,16.7.1.dev0,16.7.1.dev0,16.7.1.dev0,16.7.1.dev0
<a href='https://hf.co/speakleash/Bielik-11B-v3.0-Instruct'>speakleash/Bielik-11B-v3.0-Instruct</a>,📝,2.36,11168796672.0,32128.0,32768.0,✓,✗,(✓),✓,51.54 ± 1.36 / 67.30 ± 0.96,56.15 ± 1.40 / 43.39 ± 1.65,51.89 ± 1.44 / 75.59 ± 0.82,27.85 ± 1.39 / 0.22 ± 0.14,46.29 ± 0.59 / 59.60 ± 0.45,40.55 ± 1.64 / 69.88 ± 0.90,16.10.0,16.10.0,16.10.0,16.10.0,16.10.0,16.10.0
<a href='https://hf.co/ibm-granite/granite-4.0-h-small'>ibm-granite/granite-4.0-h-small</a>,📝,2.38,32207337984.0,100352.0,131072.0,✓,✗,(✓),✗,46.83 ± 1.13 / 62.45 ± 1.47,58.02 ± 1.11 / 52.47 ± 1.40,26.74 ± 1.38 / 55.88 ± 2.50,70.68 ± 2.08 / 54.07 ± 2.27,50.03 ± 1.04 / 62.17 ± 0.80,26.27 ± 3.04 / 61.98 ± 1.75,16.8.0.dev0,16.8.0.dev0,16.8.0.dev0,16.8.0.dev0,16.8.0.dev0,16.8.0.dev0
<a href='https://hf.co/INSAIT-Institute/MamayLM-Gemma-3-12B-IT-v1.0'>INSAIT-Institute/MamayLM-Gemma-3-12B-IT-v1.0</a>,📝,2.38,12187325040.0,262144.0,8192.0,✗,✗,(✓),✗,50.95 ± 1.18 / 66.76 ± 0.86,59.12 ± 1.81 / 36.18 ± 1.64,47.12 ± 1.85 / 72.73 ± 0.94,19.97 ± 1.01 / 0.00 ± 0.00,53.93 ± 0.73 / 65.32 ± 0.54,38.43 ± 2.06 / 69.20 ± 1.05,16.10.0.dev0,16.10.0.dev0,16.10.0.dev0,16.10.0.dev0,16.10.0.dev0,16.10.0.dev0
<a href='https://hf.co/google/gemma-4-E4B-it'>google/gemma-4-E4B-it (val)</a>,📝,2.40,7996157418.0,262144.0,8192.0,✓,✗,(✓),✓,49.97 ± 1.14 / 65.00 ± 0.81,59.92 ± 1.37 / 53.83 ± 1.49,20.58 ± 2.60 / 59.60 ± 1.21,63.85 ± 0.92 / 38.19 ± 1.17,42.89 ± 1.97 / 56.91 ± 1.45,30.12 ± 3.27 / 64.53 ± 1.46,17.1.0.dev0,17.1.0.dev0,17.1.0.dev0,17.1.0.dev0,17.1.0.dev0,17.1.0.dev0
<a href='https://hf.co/speakleash/Bielik-11B-v2.3-Instruct'>speakleash/Bielik-11B-v2.3-Instruct (val)</a>,📝,2.41,11168796672.0,32128.0,32768.0,✓,✓,(✓),✓,54.25 ± 1.55 / 67.89 ± 1.05,53.73 ± 2.28 / 43.48 ± 1.84,33.82 ± 1.58 / 65.14 ± 1.25,66.61 ± 0.56 / 43.40 ± 1.15,30.13 ± 1.82 / 47.03 ± 1.37,29.47 ± 4.04 / 66.02 ± 2.06,17.0.0.dev0,17.0.0.dev0,17.0.0.dev0,17.0.0.dev0,17.0.0.dev0,17.0.0.dev0
<a href='https://hf.co/swiss-ai/Apertus-70B-2509'>swiss-ai/Apertus-70B-2509</a>,🧠,2.42,70599864480.0,131072.0,65536.0,✓,✗,(✓),✗,47.07 ± 1.13 / 57.10 ± 2.40,46.17 ± 1.98 / 37.88 ± 2.83,37.69 ± 4.19 / 66.41 ± 2.89,71.91 ± 2.64 / 54.97 ± 2.37,42.12 ± 1.04 / 56.50 ± 0.81,26.37 ± 2.09 / 62.53 ± 1.11,16.10.1.dev0,16.10.1.dev0,16.10.1.dev0,16.10.1.dev0,16.10.1.dev0,16.10.1.dev0
<a href='https://hf.co/speakleash/Bielik-11B-v2.3-Instruct'>speakleash/Bielik-11B-v2.3-Instruct</a>,📝,2.42,11168796672.0,32128.0,32768.0,✓,✓,(✓),✓,48.54 ± 1.52 / 65.65 ± 1.04,54.02 ± 2.63 / 42.79 ± 2.06,31.50 ± 1.53 / 64.36 ± 1.05,69.30 ± 1.24 / 46.15 ± 1.83,35.19 ± 0.88 / 51.30 ± 0.65,33.82 ± 1.27 / 66.91 ± 0.65,16.11.0.dev0,16.11.0.dev0,16.11.0.dev0,16.11.0.dev0,16.11.0.dev0,16.11.0.dev0
<a href='https://hf.co/allenai/Olmo-3.1-32B-Think'>allenai/Olmo-3.1-32B-Think (val)</a>,🤔,2.43,32233522176.0,100278.0,65536.0,✗,✗,(✓),✓,42.46 ± 1.79 / 59.34 ± 1.21,71.59 ± 1.45 / 65.84 ± 1.62,6.06 ± 2.58 / 38.97 ± 1.10,57.43 ± 0.90 / 39.49 ± 0.82,53.58 ± 1.59 / 64.57 ± 1.15,37.31 ± 2.84 / 70.62 ± 1.25,17.1.0.dev0,17.1.0.dev0,17.1.0.dev0,17.1.0.dev0,17.1.0.dev0,17.1.0.dev0
<a href='https://hf.co/openai/gpt-oss-20b'>openai/gpt-oss-20b#low</a>,🤔,2.43,21511953984.0,201088.0,131072.0,✓,✗,✗,✓,41.68 ± 1.72 / 59.83 ± 1.82,61.39 ± 0.71 / 53.87 ± 0.92,29.82 ± 1.71 / 60.60 ± 1.00,58.30 ± 0.86 / 36.85 ± 1.55,53.18 ± 0.85 / 64.80 ± 0.66,27.00 ± 1.40 / 63.52 ± 0.67,16.11.0.dev0,16.11.0.dev0,16.11.0.dev0,16.11.0.dev0,16.11.0.dev0,16.11.0.dev0
<a href='https://hf.co/Qwen/Qwen3.5-4B'>Qwen/Qwen3.5-4B (val)</a>,🤔,2.44,4659861248.0,248044.0,8192.0,✓,✗,(✓),✓,49.96 ± 1.17 / 65.11 ± 0.80,40.24 ± 1.70 / 38.18 ± 1.78,19.15 ± 1.89 / 47.88 ± 1.33,33.40 ± 1.29 / 25.71 ± 0.93,66.92 ± 1.33 / 74.57 ± 1.04,57.96 ± 4.14 / 80.70 ± 1.92,17.1.0.dev0,17.1.0.dev0,17.1.0.dev0,17.1.0.dev0,17.1.0.dev0,17.1.0.dev0
<a href='https://hf.co/nvidia/NVIDIA-Nemotron-3-Nano-30B-A3B-FP8'>nvidia/NVIDIA-Nemotron-3-Nano-30B-A3B-FP8 (val)</a>,🤔,2.44,30491811840.0,131072.0,262144.0,✓,✗,✗,✓,47.33 ± 1.19 / 63.42 ± 0.89,72.23 ± 1.19 / 66.90 ± 1.54,13.50 ± 1.89 / 46.61 ± 1.50,50.73 ± 0.84 / 31.89 ± 0.83,57.78 ± 1.71 / 68.67 ± 1.22,24.03 ± 2.32 / 61.25 ± 1.11,17.1.0.dev0,17.1.0.dev0,17.1.0.dev0,17.1.0.dev0,17.1.0.dev0,17.1.0.dev0
<a href='https://hf.co/utter-project/EuroLLM-22B-Instruct-Preview'>utter-project/EuroLLM-22B-Instruct-Preview</a>,📝,2.49,22637328384.0,128000.0,4096.0,✓,✗,(✓),✓,50.14 ± 1.22 / 66.18 ± 0.71,46.71 ± 2.01 / 30.18 ± 2.08,36.50 ± 2.94 / 62.05 ± 3.95,66.87 ± 1.17 / 46.99 ± 1.66,37.88 ± 0.83 / 52.17 ± 0.65,21.15 ± 1.16 / 59.46 ± 0.55,16.7.1.dev0,16.7.1.dev0,16.7.1.dev0,16.7.1.dev0,16.7.1.dev0,16.7.1.dev0
<a href='https://hf.co/utter-project/EuroLLM-22B-Instruct-2512'>utter-project/EuroLLM-22B-Instruct-2512</a>,📝,2.49,22637328384.0,128000.0,32768.0,✓,✗,(✓),✓,50.29 ± 1.39 / 65.03 ± 1.12,53.55 ± 1.39 / 27.89 ± 0.97,50.68 ± 4.54 / 73.39 ± 4.07,27.06 ± 3.58 / 11.54 ± 2.29,43.89 ± 0.77 / 57.63 ± 0.62,29.09 ± 2.27 / 64.40 ± 1.15,16.8.0.dev0,16.8.0.dev0,16.8.0.dev0,16.8.0.dev0,16.8.0.dev0,16.8.0.dev0
<a href='https://hf.co/Qwen/Qwen3-30B-A3B-Instruct-2507'>Qwen/Qwen3-30B-A3B-Instruct-2507</a>,📝,2.50,30532122624.0,151936.0,262144.0,✓,✗,✗,✓,47.48 ± 1.20 / 65.03 ± 0.64,55.54 ± 1.81 / 36.33 ± 1.75,38.02 ± 1.69 / 68.45 ± 0.86,25.32 ± 0.73 / 0.04 ± 0.06,59.66 ± 0.87 / 69.66 ± 0.63,33.07 ± 1.76 / 66.55 ± 0.87,16.7.1.dev0,16.7.1.dev0,16.7.1.dev0,16.7.1.dev0,16.7.1.dev0,16.7.1.dev0
<a href='https://hf.co/google/gemma-3n-E4B-it'>google/gemma-3n-E4B-it</a>,📝,2.53,7849978192.0,262400.0,8192.0,✓,✗,(✓),✓,49.13 ± 1.52 / 65.67 ± 1.17,57.07 ± 1.94 / 42.80 ± 3.22,25.31 ± 2.03 / 58.32 ± 2.82,62.19 ± 1.07 / 38.71 ± 2.41,38.32 ± 0.36 / 53.45 ± 0.24,22.66 ± 2.44 / 61.24 ± 1.23,16.9.0.dev0,16.9.0.dev0,16.9.0.dev0,16.9.0.dev0,16.9.0.dev0,16.9.0.dev0
<a href='https://hf.co/Qwen/Qwen3-8B'>Qwen/Qwen3-8B#no-thinking</a>,📝,2.55,8190735360.0,151936.0,40960.0,✓,✗,✗,✓,42.50 ± 1.69 / 60.41 ± 1.48,54.17 ± 1.73 / 43.04 ± 2.24,27.64 ± 1.34 / 59.90 ± 0.78,68.43 ± 1.49 / 48.73 ± 1.39,43.44 ± 0.74 / 57.25 ± 0.55,20.71 ± 2.08 / 60.33 ± 1.03,16.7.0.dev0,16.7.0.dev0,16.7.0.dev0,16.7.1.dev0,16.7.1.dev0,16.7.1.dev0
<a href='https://hf.co/openai/gpt-oss-20b'>openai/gpt-oss-20b#high</a>,🤔,2.55,21511953984.0,201088.0,131072.0,✓,✗,✗,✓,42.55 ± 0.97 / 61.86 ± 0.66,50.33 ± 2.16 / 46.51 ± 1.55,22.94 ± 1.59 / 60.60 ± 0.86,56.61 ± 0.57 / 39.32 ± 0.70,64.23 ± 0.80 / 72.38 ± 0.62,26.02 ± 2.42 / 62.60 ± 1.31,16.12.0.dev0,16.12.0.dev0,16.12.0.dev0,16.12.0.dev0,16.12.0.dev0,16.12.0.dev0
<a href='https://hf.co/deepcogito/cogito-v1-preview-qwen-14B'>deepcogito/cogito-v1-preview-qwen-14B</a>,📝,2.59,14765947904.0,151665.0,131072.0,✓,✗,(✓),✗,47.13 ± 1.36 / 64.80 ± 0.85,59.24 ± 1.49 / 48.33 ± 2.40,29.10 ± 1.45 / 62.03 ± 1.21,31.03 ± 1.75 / 0.00 ± 0.00,53.48 ± 1.24 / 65.02 ± 0.94,27.39 ± 1.60 / 63.41 ± 0.79,16.7.1.dev0,16.7.1.dev0,16.7.1.dev0,16.7.1.dev0,16.7.1.dev0,16.7.1.dev0
<a href='https://hf.co/lapa-llm/lapa-v0.1.2-instruct'>lapa-llm/lapa-v0.1.2-instruct</a>,📝,2.61,12187325040.0,262144.0,8192.0,✗,✗,(✓),✗,50.02 ± 1.07 / 66.54 ± 0.71,56.86 ± 1.42 / 39.99 ± 1.32,36.10 ± 1.66 / 67.44 ± 1.08,22.27 ± 1.26 / 0.00 ± 0.00,46.04 ± 1.03 / 59.26 ± 0.74,32.12 ± 1.91 / 66.04 ± 0.98,16.9.0.dev0,16.9.0.dev0,16.9.0.dev0,16.9.0.dev0,16.9.0.dev0,16.9.0.dev0
<a href='https://hf.co/google/gemma-3-12b-pt'>google/gemma-3-12b-pt</a>,🧠,2.64,12187325040.0,262144.0,8192.0,✓,✗,(✓),✓,46.28 ± 1.22 / 63.96 ± 0.97,45.06 ± 2.23 / 33.18 ± 1.27,39.53 ± 5.05 / 66.82 ± 4.12,21.61 ± 2.37 / 9.02 ± 2.72,51.67 ± 0.61 / 63.55 ± 0.38,36.37 ± 2.09 / 68.00 ± 1.15,16.7.1.dev0,16.7.1.dev0,16.7.1.dev0,16.7.1.dev0,16.7.1.dev0,16.7.1.dev0
<a href='https://hf.co/google/gemma-4-31B'>google/gemma-4-31B (val)</a>,🧠,2.67,31273088876.0,262144.0,8192.0,✓,✗,(✓),✓,42.19 ± 1.87 / 56.77 ± 1.29,54.15 ± 1.74 / 47.53 ± 1.01,31.07 ± 3.07 / 65.01 ± 1.64,60.16 ± 1.13 / 38.06 ± 1.39,46.58 ± 1.50 / 59.88 ± 1.09,7.49 ± 4.86 / 53.52 ± 2.17,17.1.0.dev0,17.1.0.dev0,17.1.0.dev0,17.1.0.dev0,17.1.0.dev0,17.1.0.dev0
<a href='https://hf.co/allenai/OLMo-2-0325-32B-Instruct'>allenai/OLMo-2-0325-32B-Instruct</a>,📝,2.68,32234279936.0,100352.0,4096.0,✗,✗,(✓),✓,47.54 ± 1.32 / 65.01 ± 0.98,55.03 ± 1.56 / 24.66 ± 1.16,17.65 ± 1.74 / 54.08 ± 1.90,57.07 ± 0.88 / 30.23 ± 1.88,38.06 ± 0.77 / 53.19 ± 0.61,23.15 ± 1.15 / 61.60 ± 0.58,16.7.1.dev0,16.7.1.dev0,16.7.1.dev0,16.7.1.dev0,16.7.1.dev0,16.7.1.dev0
<a href='https://hf.co/Qwen/Qwen3-4B'>Qwen/Qwen3-4B#no-thinking</a>,📝,2.69,4022468096.0,151936.0,40960.0,✓,✗,✗,✓,42.39 ± 1.94 / 61.18 ± 1.44,49.45 ± 1.84 / 30.68 ± 1.60,27.72 ± 1.79 / 63.37 ± 1.00,66.60 ± 1.04 / 47.81 ± 1.46,37.60 ± 0.82 / 52.82 ± 0.63,15.42 ± 1.64 / 57.62 ± 0.81,16.7.0.dev0,16.7.0.dev0,16.7.0.dev0,16.7.0.dev0,16.7.0.dev0,16.7.0.dev0
<a href='https://hf.co/swiss-ai/Apertus-70B-Instruct-2509'>swiss-ai/Apertus-70B-Instruct-2509</a>,📝,2.69,70599864480.0,131072.0,65536.0,✗,✗,(✓),✗,47.27 ± 1.63 / 63.83 ± 1.62,45.41 ± 1.61 / 25.47 ± 1.42,22.89 ± 1.71 / 47.59 ± 2.61,64.82 ± 1.39 / 43.61 ± 2.32,40.30 ± 0.90 / 53.72 ± 0.83,20.20 ± 2.13 / 60.08 ± 1.07,16.7.1.dev0,16.7.1.dev0,16.7.1.dev0,16.7.1.dev0,16.7.1.dev0,16.7.1.dev0
<a href='https://hf.co/speakleash/Bielik-11B-v2.6-Instruct'>speakleash/Bielik-11B-v2.6-Instruct</a>,📝,2.69,11168796672.0,32128.0,32768.0,✓,✗,(✓),✓,49.78 ± 1.34 / 65.10 ± 1.19,54.83 ± 1.51 / 35.97 ± 2.24,35.43 ± 1.58 / 66.34 ± 1.45,27.77 ± 1.41 / 0.07 ± 0.07,36.04 ± 0.88 / 51.85 ± 0.67,28.48 ± 2.18 / 64.20 ± 1.09,16.10.0,16.10.0,16.10.0,16.10.0,16.10.0,16.10.0
<a href='https://hf.co/mii-llm/nesso-4B'>mii-llm/nesso-4B</a>,📝,2.71,4022468096.0,151936.0,262144.0,✗,✗,(✓),✗,42.61 ± 1.17 / 56.87 ± 1.01,56.65 ± 1.30 / 48.28 ± 1.85,18.92 ± 1.96 / 58.23 ± 1.76,69.75 ± 1.49 / 50.70 ± 0.83,37.40 ± 0.64 / 52.90 ± 0.43,11.31 ± 1.23 / 55.70 ± 0.59,16.11.0.dev0,16.11.0.dev0,16.11.0.dev0,16.11.0.dev0,16.11.0.dev0,16.11.0.dev0
<a href='https://hf.co/arcee-ai/Trinity-Mini'>arcee-ai/Trinity-Mini (val)</a>,🤔,2.73,26123974400.0,200192.0,131072.0,✗,✗,(✓),✗,45.81 ± 1.59 / 61.83 ± 1.09,53.41 ± 1.15 / 36.53 ± 1.20,19.60 ± 2.83 / 57.88 ± 1.63,49.43 ± 1.36 / 31.71 ± 1.51,42.02 ± 2.00 / 55.39 ± 1.59,21.53 ± 2.31 / 62.50 ± 0.97,16.17.0.dev0,16.17.0.dev0,16.17.0.dev0,16.17.0.dev0,16.17.0.dev0,16.17.0.dev0
<a href='https://hf.co/speakleash/Bielik-11B-v3-Base-20250730'>speakleash/Bielik-11B-v3-Base-20250730</a>,🧠,2.73,11168796672.0,32128.0,32768.0,✓,✗,(✓),✓,25.22 ± 5.21 / 36.86 ± 6.05,55.69 ± 1.91 / 43.72 ± 2.19,21.41 ± 4.32 / 44.38 ± 4.00,70.11 ± 2.04 / 52.06 ± 2.16,39.21 ± 0.68 / 53.18 ± 0.63,24.31 ± 2.53 / 60.00 ± 2.18,16.10.0,16.10.0,16.10.0,16.10.0,16.10.0,16.10.0
<a href='https://hf.co/google/gemma-3-12b-it'>google/gemma-3-12b-it</a>,📝,2.74,12187325040.0,262144.0,8192.0,✓,✗,(✓),✓,49.98 ± 1.55 / 66.55 ± 1.01,32.86 ± 10.21 / 24.23 ± 6.73,47.00 ± 1.18 / 73.12 ± 0.71,18.06 ± 1.23 / 5.96 ± 0.71,50.13 ± 0.72 / 62.36 ± 0.51,29.49 ± 2.05 / 64.69 ± 1.02,16.7.1.dev0,16.7.1.dev0,16.7.1.dev0,16.7.1.dev0,16.7.1.dev0,16.7.1.dev0
<a href='https://hf.co/mistralai/Ministral-3-3B-Base-2512'>mistralai/Ministral-3-3B-Base-2512 (val)</a>,🧠,2.76,3849090048.0,131072.0,8192.0,✓,✗,(✓),✓,54.45 ± 1.53 / 62.24 ± 1.33,50.74 ± 1.44 / 47.13 ± 1.66,11.53 ± 2.36 / 43.60 ± 2.77,61.44 ± 1.22 / 44.67 ± 1.19,39.36 ± 1.25 / 54.22 ± 0.96,8.21 ± 3.19 / 56.72 ± 2.01,17.0.0.dev0,17.0.0.dev0,17.0.0.dev0,17.0.0.dev0,17.0.0.dev0,17.0.0.dev0
<a href='https://hf.co/LGAI-EXAONE/EXAONE-4.0-32B'>LGAI-EXAONE/EXAONE-4.0-32B (val)</a>,📝,2.76,32003216384.0,102400.0,131072.0,✗,✗,(✓),✗,48.12 ± 1.25 / 63.66 ± 0.91,61.38 ± 1.07 / 40.80 ± 1.25,16.48 ± 1.49 / 57.61 ± 0.77,58.44 ± 1.30 / 36.15 ± 1.70,24.85 ± 1.99 / 40.82 ± 1.51,14.25 ± 5.67 / 60.78 ± 2.79,17.0.0.dev0,17.0.0.dev0,17.0.0.dev0,17.0.0.dev0,17.0.0.dev0,17.0.0.dev0
<a href='https://hf.co/utter-project/EuroLLM-22B-2512'>utter-project/EuroLLM-22B-2512</a>,🧠,2.77,22637328384.0,128000.0,32768.0,✓,✗,(✓),✓,13.90 ± 2.67 / 23.12 ± 2.48,49.11 ± 1.95 / 33.99 ± 1.55,36.67 ± 5.14 / 58.95 ± 5.19,69.47 ± 2.44 / 53.53 ± 2.61,41.13 ± 0.55 / 55.06 ± 0.37,18.53 ± 1.24 / 58.08 ± 0.69,16.8.0.dev0,16.8.0.dev0,16.8.0.dev0,16.8.0.dev0,16.8.0.dev0,16.8.0.dev0
<a href='https://hf.co/BSC-LT/ALIA-40b'>BSC-LT/ALIA-40b</a>,🧠,2.77,40433885184.0,256000.0,32768.0,✓,✗,(✓),✓,35.63 ± 3.68 / 51.09 ± 5.00,50.43 ± 3.19 / 46.20 ± 3.18,27.24 ± 5.72 / 51.17 ± 5.86,66.08 ± 2.17 / 48.35 ± 1.88,34.07 ± 0.88 / 48.07 ± 0.70,11.74 ± 1.75 / 51.54 ± 0.85,16.8.0.dev0,16.8.0.dev0,16.8.0.dev0,16.8.0.dev0,16.8.0.dev0,16.8.0.dev0
<a href='https://hf.co/mistralai/Ministral-3-3B-Base-2512'>mistralai/Ministral-3-3B-Base-2512</a>,🧠,2.77,4251743232.0,131072.0,8192.0,✓,✗,(✓),✓,43.71 ± 1.09 / 57.32 ± 1.75,47.22 ± 2.19 / 44.73 ± 2.79,13.40 ± 4.26 / 44.24 ± 5.77,67.68 ± 2.93 / 51.56 ± 3.18,38.97 ± 1.19 / 53.89 ± 0.87,15.63 ± 3.30 / 57.55 ± 1.63,16.12.0.dev0,16.12.0.dev0,16.12.0.dev0,16.12.0.dev0,16.12.0.dev0,16.12.0.dev0
<a href='https://hf.co/google/gemma-3n-E2B-it'>google/gemma-3n-E2B-it</a>,📝,2.77,5439438272.0,262400.0,8192.0,✓,✗,(✓),✓,46.79 ± 1.33 / 64.27 ± 0.95,50.52 ± 2.13 / 29.90 ± 2.20,20.16 ± 1.72 / 58.99 ± 1.22,62.59 ± 1.07 / 43.30 ± 1.45,32.78 ± 0.83 / 49.42 ± 0.60,13.51 ± 2.24 / 56.17 ± 1.16,16.11.0.dev0,16.11.0.dev0,16.11.0.dev0,16.11.0.dev0,16.11.0.dev0,16.11.0.dev0
<a href='https://hf.co/upstage/SOLAR-10.7B-v1.0'>upstage/SOLAR-10.7B-v1.0</a>,🧠,2.78,10731524096.0,32000.0,4096.0,✓,✗,(✓),✗,30.78 ± 1.71 / 41.31 ± 0.94,55.52 ± 2.65 / 47.39 ± 2.25,6.41 ± 3.33 / 35.72 ± 1.70,72.15 ± 1.88 / 54.65 ± 2.29,28.65 ± 0.76 / 40.96 ± 0.88,34.61 ± 2.64 / 64.40 ± 1.80,16.7.1.dev0,16.7.1.dev0,16.7.1.dev0,16.7.1.dev0,16.7.1.dev0,16.7.1.dev0
<a href='https://hf.co/Qwen/Qwen3.5-4B-Base'>Qwen/Qwen3.5-4B-Base (val)</a>,🧠,2.86,4659861248.0,248044.0,8192.0,✓,✗,(✓),✓,29.09 ± 2.42 / 43.34 ± 2.55,56.42 ± 1.31 / 50.74 ± 0.89,0.87 ± 0.87 / 33.90 ± 0.45,68.33 ± 1.01 / 50.67 ± 1.09,51.50 ± 1.18 / 63.40 ± 0.88,17.87 ± 3.24 / 52.50 ± 1.83,17.1.0.dev0,17.1.0.dev0,17.1.0.dev0,17.1.0.dev0,17.1.0.dev0,17.1.0.dev0
<a href='https://hf.co/Qwen/Qwen3.5-9B-Base'>Qwen/Qwen3.5-9B-Base (val)</a>,🧠,2.86,9653100528.0,248044.0,8192.0,✓,✗,(✓),✓,18.25 ± 2.29 / 32.86 ± 2.40,61.56 ± 1.34 / 57.96 ± 1.20,0.87 ± 0.87 / 33.90 ± 0.45,68.56 ± 0.82 / 50.29 ± 1.01,54.58 ± 0.98 / 66.17 ± 0.70,19.02 ± 2.53 / 47.73 ± 1.22,17.1.0.dev0,17.1.0.dev0,17.1.0.dev0,17.1.0.dev0,17.1.0.dev0,17.1.0.dev0
<a href='https://hf.co/allenai/Llama-3.1-Tulu-3-8B-SFT'>allenai/Llama-3.1-Tulu-3-8B-SFT</a>,📝,2.87,8030326784.0,128264.0,131072.0,✓,✗,(✓),✓,43.21 ± 1.34 / 57.39 ± 1.12,50.93 ± 1.78 / 46.99 ± 1.84,14.95 ± 2.42 / 46.17 ± 1.71,70.16 ± 1.51 / 50.38 ± 2.26,25.75 ± 0.81 / 43.74 ± 0.66,10.03 ± 1.94 / 54.82 ± 0.97,16.9.0.dev0,16.9.0.dev0,16.9.0.dev0,16.9.0.dev0,16.9.0.dev0,16.9.0.dev0
<a href='https://hf.co/mistralai/Ministral-3-3B-Instruct-2512'>mistralai/Ministral-3-3B-Instruct-2512</a>,📝,2.87,?,?,?,✓,✗,(✓),✓,41.36 ± 1.35 / 60.61 ± 1.23,41.96 ± 2.90 / 28.66 ± 2.83,22.86 ± 3.91 / 55.57 ± 5.50,60.37 ± 1.08 / 35.66 ± 1.94,34.42 ± 1.30 / 50.28 ± 0.97,13.23 ± 2.76 / 55.89 ± 1.36,16.17.0,16.17.0,16.17.0,16.17.0,16.17.0,16.17.0
<a href='https://hf.co/meta-llama/Llama-3.1-8B'>meta-llama/Llama-3.1-8B</a>,🧠,2.87,8030261248.0,128256.0,131072.0,✓,✗,(✓),✓,44.49 ± 1.11 / 50.97 ± 1.33,50.96 ± 2.80 / 41.71 ± 2.54,13.18 ± 2.42 / 50.00 ± 4.55,66.19 ± 1.81 / 47.63 ± 1.43,28.06 ± 1.09 / 45.57 ± 0.92,8.83 ± 2.72 / 53.90 ± 1.51,16.7.1.dev0,16.7.1.dev0,16.7.1.dev0,16.7.1.dev0,16.7.1.dev0,16.7.1.dev0
<a href='https://hf.co/allenai/Olmo-3.1-32B-Instruct-SFT'>allenai/Olmo-3.1-32B-Instruct-SFT</a>,📝,2.88,32233522176.0,100278.0,65536.0,✗,✗,(✓),✓,41.80 ± 1.77 / 58.77 ± 1.94,58.66 ± 1.67 / 47.03 ± 2.36,10.37 ± 1.75 / 45.63 ± 2.99,68.01 ± 1.59 / 51.31 ± 1.94,27.88 ± 1.22 / 45.47 ± 0.94,5.26 ± 1.91 / 52.48 ± 1.00,16.9.0.dev0,16.9.0.dev0,16.9.0.dev0,16.9.0.dev0,16.9.0.dev0,16.9.0.dev0
<a href='https://hf.co/swiss-ai/Apertus-8B-2509'>swiss-ai/Apertus-8B-2509</a>,🧠,2.89,8053338176.0,131072.0,65536.0,✓,✗,(✓),✗,44.34 ± 1.21 / 61.22 ± 1.04,34.59 ± 2.91 / 28.63 ± 2.94,20.15 ± 4.23 / 54.00 ± 5.74,68.12 ± 1.41 / 45.99 ± 2.04,36.52 ± 0.69 / 52.13 ± 0.53,11.63 ± 2.55 / 55.47 ± 1.39,16.10.1.dev0,16.10.1.dev0,16.10.1.dev0,16.10.1.dev0,16.10.1.dev0,16.10.1.dev0
<a href='https://hf.co/deepcogito/cogito-v1-preview-llama-8B'>deepcogito/cogito-v1-preview-llama-8B</a>,📝,2.90,8030261248.0,128256.0,131072.0,✓,✗,(✓),✗,44.81 ± 1.36 / 61.01 ± 1.07,55.63 ± 2.67 / 40.70 ± 2.57,21.47 ± 2.54 / 54.45 ± 2.48,38.24 ± 9.14 / 12.28 ± 9.60,34.66 ± 0.55 / 50.60 ± 0.46,7.81 ± 1.80 / 53.71 ± 0.99,16.9.0.dev0,16.9.0.dev0,16.9.0.dev0,16.9.0.dev0,16.9.0.dev0,16.9.0.dev0
<a href='https://hf.co/allenai/Olmo-3.1-32B-Instruct-DPO'>allenai/Olmo-3.1-32B-Instruct-DPO</a>,📝,2.91,32233522176.0,100278.0,65536.0,✗,✗,(✓),✓,43.18 ± 1.28 / 62.22 ± 0.89,52.38 ± 1.45 / 36.78 ± 1.12,14.19 ± 2.52 / 54.77 ± 2.23,66.05 ± 0.81 / 43.25 ± 1.07,27.64 ± 1.17 / 45.40 ± 0.87,6.90 ± 1.82 / 53.33 ± 0.90,16.9.0.dev0,16.9.0.dev0,16.9.0.dev0,16.9.0.dev0,16.9.0.dev0,16.9.0.dev0
<a href='https://hf.co/mistralai/Ministral-3-3B-Reasoning-2512'>mistralai/Ministral-3-3B-Reasoning-2512</a>,📝,2.92,?,?,?,✓,✗,(✓),✓,42.18 ± 1.29 / 60.78 ± 0.99,42.02 ± 1.28 / 26.13 ± 1.60,21.62 ± 1.03 / 58.55 ± 1.90,64.50 ± 1.32 / 41.26 ± 2.44,29.55 ± 1.06 / 46.94 ± 0.82,8.04 ± 2.57 / 54.03 ± 1.23,16.17.0,16.17.0,16.17.0,16.17.0,16.17.0,16.17.0
"<a href='https://platform.openai.com/docs/models/gpt-5.4-nano'>openai/gpt-5.4-nano-2026-03-17#none (zero-shot, val)</a>",🤔,2.93,?,?,400000.0,✓,✗,✗,✓,52.23 ± 0.64 / 66.49 ± 0.59,38.11 ± 1.10 / 18.35 ± 0.65,7.84 ± 2.41 / 53.33 ± 1.12,58.14 ± 0.50 / 26.19 ± 0.73,44.70 ± 1.58 / 58.32 ± 1.20,4.62 ± 2.00 / 51.02 ± 1.15,17.0.0.dev0,17.0.0.dev0,17.0.0.dev0,17.0.0.dev0,17.0.0.dev0,17.0.0.dev0
<a href='https://hf.co/allenai/Olmo-3.1-32B-Instruct'>allenai/Olmo-3.1-32B-Instruct</a>,📝,2.93,32233522176.0,100278.0,65536.0,✗,✗,(✓),✓,41.64 ± 1.49 / 61.16 ± 1.03,53.23 ± 1.55 / 40.20 ± 1.20,10.37 ± 1.67 / 53.12 ± 1.22,67.09 ± 0.69 / 47.37 ± 0.50,26.51 ± 0.84 / 44.59 ± 0.62,5.13 ± 2.06 / 52.40 ± 1.02,16.9.0.dev0,16.9.0.dev0,16.9.0.dev0,16.9.0.dev0,16.9.0.dev0,16.9.0.dev0
<a href='https://hf.co/Unbabel/Tower-Plus-9B'>Unbabel/Tower-Plus-9B (val)</a>,📝,2.94,9241705984.0,256000.0,8192.0,✗,✗,(✓),✗,51.59 ± 3.51 / 62.18 ± 3.43,39.95 ± 2.69 / 29.18 ± 2.57,16.14 ± 3.22 / 52.93 ± 3.29,56.72 ± 1.88 / 31.28 ± 2.80,29.81 ± 2.24 / 46.76 ± 1.85,8.76 ± 4.41 / 50.94 ± 2.78,16.16.1.dev0,16.16.1.dev0,16.16.1.dev0,16.16.1.dev0,16.16.1.dev0,16.16.1.dev0
<a href='https://hf.co/nvidia/NVIDIA-Nemotron-3-Nano-30B-A3B-BF16'>nvidia/NVIDIA-Nemotron-3-Nano-30B-A3B-BF16#no-thinking</a>,📝,2.94,31577937344.0,131072.0,262144.0,✓,✗,✗,✓,38.96 ± 1.30 / 59.37 ± 0.89,48.20 ± 1.17 / 32.28 ± 2.38,15.37 ± 1.41 / 56.76 ± 1.02,71.42 ± 1.17 / 56.58 ± 1.31,31.37 ± 0.91 / 48.04 ± 0.69,5.28 ± 1.53 / 52.86 ± 0.80,16.10.0.dev0,16.10.0.dev0,16.10.0.dev0,16.10.0.dev0,16.10.0.dev0,16.10.0.dev0
<a href='https://hf.co/google/gemma-4-E2B-it'>google/gemma-4-E2B-it (val)</a>,📝,2.94,5123178979.0,262144.0,8192.0,✓,✗,(✓),✓,42.02 ± 1.46 / 59.95 ± 0.98,48.64 ± 1.43 / 39.13 ± 1.74,18.39 ± 1.94 / 58.02 ± 1.22,64.66 ± 0.63 / 42.29 ± 1.36,23.34 ± 1.15 / 42.27 ± 0.86,4.99 ± 3.01 / 51.48 ± 1.56,17.1.0.dev0,17.1.0.dev0,17.1.0.dev0,17.1.0.dev0,17.1.0.dev0,17.1.0.dev0
<a href='https://hf.co/Qwen/Qwen3.5-2B'>Qwen/Qwen3.5-2B (val)</a>,📝,2.94,2274067232.0,248044.0,8192.0,✓,✗,(✓),✓,43.84 ± 1.49 / 60.52 ± 1.02,46.88 ± 1.13 / 32.53 ± 0.94,20.41 ± 1.78 / 58.88 ± 0.77,49.80 ± 1.38 / 27.22 ± 1.61,33.33 ± 1.25 / 49.18 ± 1.17,5.11 ± 3.66 / 51.09 ± 2.32,16.17.0.dev0,16.17.0.dev0,16.17.0.dev0,16.17.0.dev0,16.17.0.dev0,16.17.0.dev0
<a href='https://hf.co/meta-llama/Llama-3.1-8B-Instruct'>meta-llama/Llama-3.1-8B-Instruct</a>,📝,2.96,8030261248.0,128256.0,131072.0,✓,✗,(✓),✓,45.39 ± 1.36 / 62.08 ± 1.04,55.82 ± 2.44 / 48.02 ± 2.36,10.62 ± 2.19 / 41.64 ± 2.31,45.19 ± 5.90 / 16.71 ± 6.07,30.86 ± 0.89 / 47.84 ± 0.65,12.88 ± 2.30 / 56.25 ± 1.17,16.7.1.dev0,16.7.1.dev0,16.7.1.dev0,16.7.1.dev0,16.7.1.dev0,16.7.1.dev0
"<a href='https://platform.openai.com/docs/models/gpt-4.1-nano'>gpt-4.1-nano-2025-04-14 (zero-shot, val)</a>",📝,2.97,?,?,1047576.0,✓,✗,✗,✓,53.31 ± 1.77 / 67.78 ± 1.15,31.38 ± 1.50 / 25.31 ± 1.43,24.88 ± 2.66 / 62.11 ± 1.37,50.85 ± 1.21 / 24.71 ± 1.53,36.36 ± 2.55 / 51.33 ± 1.82,2.62 ± 4.52 / 57.11 ± 2.00,16.7.0.dev0,16.7.0.dev0,16.7.0.dev0,16.7.0.dev0,16.7.0.dev0,16.7.0.dev0
<a href='https://hf.co/utter-project/EuroLLM-22B-Preview'>utter-project/EuroLLM-22B-Preview</a>,🧠,3.02,?,128000.0,4096.0,✓,✗,(✓),✓,0.73 ± 1.00 / 16.71 ± 0.26,48.39 ± 1.93 / 39.82 ± 2.61,27.03 ± 5.90 / 51.08 ± 5.75,67.61 ± 1.71 / 50.27 ± 1.99,37.77 ± 0.63 / 53.05 ± 0.48,20.30 ± 2.26 / 60.09 ± 1.10,16.7.1.dev0,16.7.1.dev0,16.7.1.dev0,16.7.1.dev0,16.7.1.dev0,16.7.1.dev0
<a href='https://hf.co/google/gemma-4-26B-A4B'>google/gemma-4-26B-A4B (val)</a>,🧠,3.02,25805936206.0,262144.0,8192.0,✓,✗,(✓),✓,33.44 ± 2.52 / 51.07 ± 1.66,42.33 ± 1.62 / 35.58 ± 1.02,17.79 ± 3.32 / 57.61 ± 1.65,60.86 ± 1.50 / 38.39 ± 1.34,36.12 ± 3.24 / 51.80 ± 2.43,5.85 ± 4.32 / 55.86 ± 1.95,17.1.0.dev0,17.1.0.dev0,17.1.0.dev0,17.1.0.dev0,17.1.0.dev0,17.1.0.dev0
<a href='https://hf.co/allenai/Olmo-3-7B-Think'>allenai/Olmo-3-7B-Think (val)</a>,🤔,3.03,7298011136.0,100278.0,65536.0,✗,✗,(✓),✓,36.49 ± 2.06 / 56.05 ± 1.24,58.64 ± 1.91 / 50.10 ± 1.94,7.41 ± 2.84 / 44.48 ± 0.88,47.28 ± 0.86 / 30.15 ± 0.99,27.07 ± 2.55 / 44.77 ± 1.96,11.02 ± 2.43 / 55.86 ± 1.24,17.1.0.dev0,17.1.0.dev0,17.1.0.dev0,17.1.0.dev0,17.1.0.dev0,17.1.0.dev0
<a href='https://hf.co/allenai/Olmo-3-1125-32B'>allenai/Olmo-3-1125-32B</a>,🧠,3.05,32233522176.0,100278.0,65536.0,✓,✗,(✓),✓,21.98 ± 2.13 / 35.08 ± 1.67,57.93 ± 2.20 / 49.67 ± 2.79,9.05 ± 2.71 / 50.33 ± 3.67,77.08 ± 0.82 / 60.53 ± 1.33,28.21 ± 1.35 / 45.59 ± 1.12,4.32 ± 2.32 / 51.03 ± 1.13,16.8.0.dev0,16.8.0.dev0,16.8.0.dev0,16.8.0.dev0,16.8.0.dev0,16.8.0.dev0
<a href='https://hf.co/ibm-granite/granite-4.0-micro'>ibm-granite/granite-4.0-micro</a>,📝,3.06,3402836480.0,100352.0,131072.0,✓,✗,(✓),✗,40.64 ± 1.75 / 59.86 ± 1.52,48.58 ± 2.28 / 34.45 ± 3.22,14.92 ± 2.92 / 51.31 ± 2.40,57.89 ± 2.78 / 39.31 ± 3.82,23.68 ± 0.56 / 42.17 ± 0.48,3.17 ± 3.16 / 51.27 ± 1.52,16.8.0.dev0,16.8.0.dev0,16.8.0.dev0,16.8.0.dev0,16.8.0.dev0,16.8.0.dev0
<a href='https://hf.co/utter-project/EuroLLM-9B-Instruct'>utter-project/EuroLLM-9B-Instruct</a>,📝,3.06,9152319488.0,128000.0,4096.0,✗,✗,(✓),✓,45.88 ± 1.19 / 63.85 ± 0.79,42.73 ± 2.47 / 27.69 ± 2.97,27.10 ± 3.03 / 57.47 ± 4.17,21.26 ± 0.97 / 0.20 ± 0.27,31.87 ± 1.01 / 48.45 ± 0.76,16.17 ± 2.50 / 56.92 ± 1.33,16.7.1.dev0,16.7.1.dev0,16.7.1.dev0,16.7.1.dev0,16.7.1.dev0,16.7.1.dev0
<a href='https://hf.co/baidu/ERNIE-4.5-21B-A3B-PT'>baidu/ERNIE-4.5-21B-A3B-PT</a>,📝,3.06,21948655808.0,103424.0,131072.0,✓,✗,(✓),✗,37.88 ± 1.74 / 54.92 ± 1.62,42.57 ± 1.07 / 31.23 ± 1.87,11.70 ± 2.68 / 53.41 ± 2.79,63.22 ± 2.30 / 42.27 ± 3.59,27.97 ± 0.88 / 45.85 ± 0.66,9.90 ± 1.80 / 54.94 ± 1.00,16.9.0.dev0,16.9.0.dev0,16.9.0.dev0,16.9.0.dev0,16.9.0.dev0,16.9.0.dev0
<a href='https://hf.co/ibm-granite/granite-4.0-h-micro'>ibm-granite/granite-4.0-h-micro</a>,📝,3.07,3191396096.0,100352.0,131072.0,✓,✗,(✓),✗,40.40 ± 1.26 / 60.14 ± 0.82,49.53 ± 1.37 / 41.55 ± 1.70,11.60 ± 1.66 / 52.03 ± 2.14,62.52 ± 1.28 / 40.87 ± 2.07,26.09 ± 1.24 / 44.14 ± 0.96,0.37 ± 1.18 / 49.35 ± 0.69,16.8.0.dev0,16.8.0.dev0,16.8.0.dev0,16.8.0.dev0,16.8.0.dev0,16.8.0.dev0
<a href='https://hf.co/google/gemma-3-4b-pt'>google/gemma-3-4b-pt</a>,🧠,3.07,4300079472.0,262144.0,8192.0,✓,✗,(✓),✓,43.53 ± 1.28 / 49.63 ± 2.09,37.25 ± 1.64 / 31.41 ± 1.79,12.27 ± 2.69 / 48.69 ± 4.49,61.66 ± 1.13 / 40.42 ± 3.06,32.10 ± 0.96 / 48.72 ± 0.71,5.33 ± 1.64 / 52.51 ± 1.01,16.9.0.dev0,16.9.0.dev0,16.9.0.dev0,16.9.0.dev0,16.9.0.dev0,16.9.0.dev0
<a href='https://hf.co/CohereLabs/tiny-aya-water'>CohereLabs/tiny-aya-water (val)</a>,📝,3.11,3349227520.0,262144.0,500000.0,✗,✗,(✓),✓,51.70 ± 2.13 / 57.60 ± 1.55,41.54 ± 2.43 / 30.03 ± 2.23,4.97 ± 4.64 / 36.95 ± 1.62,60.42 ± 1.07 / 42.41 ± 1.31,26.61 ± 2.38 / 43.79 ± 1.61,-2.78 ± 4.04 / 60.08 ± 2.33,16.16.1.dev0,16.16.1.dev0,16.16.1.dev0,16.16.1.dev0,16.16.1.dev0,16.16.1.dev0
<a href='https://hf.co/CohereLabs/tiny-aya-base'>CohereLabs/tiny-aya-base (val)</a>,🧠,3.12,3349227520.0,262144.0,500000.0,✗,✗,(✓),✓,52.82 ± 3.56 / 54.65 ± 2.11,30.92 ± 5.14 / 28.67 ± 5.22,7.38 ± 4.74 / 43.27 ± 4.34,63.83 ± 2.77 / 47.42 ± 2.11,18.19 ± 2.40 / 37.19 ± 1.93,5.94 ± 5.31 / 58.44 ± 4.52,16.16.1.dev0,16.16.1.dev0,16.16.1.dev0,16.16.1.dev0,16.16.1.dev0,16.16.1.dev0
<a href='https://hf.co/CohereLabs/tiny-aya-global'>CohereLabs/tiny-aya-global (val)</a>,📝,3.12,3349227520.0,262144.0,500000.0,✗,✗,(✓),✓,52.23 ± 2.15 / 57.68 ± 1.93,41.79 ± 2.36 / 29.44 ± 2.17,4.88 ± 4.55 / 36.93 ± 1.48,58.76 ± 1.39 / 40.69 ± 1.43,24.82 ± 2.32 / 42.42 ± 1.61,-2.01 ± 2.90 / 61.25 ± 1.97,16.16.1.dev0,16.16.1.dev0,16.16.1.dev0,16.16.1.dev0,16.16.1.dev0,16.16.1.dev0
<a href='https://hf.co/nvidia/NVIDIA-Nemotron-3-Nano-30B-A3B-Base-BF16'>nvidia/NVIDIA-Nemotron-3-Nano-30B-A3B-Base-BF16 (val)</a>,🧠,3.13,31577937344.0,131072.0,262144.0,✓,✗,✗,✓,38.40 ± 1.70 / 56.65 ± 1.20,41.66 ± 2.16 / 34.14 ± 1.55,6.88 ± 2.10 / 40.34 ± 2.20,67.59 ± 0.84 / 51.46 ± 1.20,35.43 ± 1.44 / 49.41 ± 1.33,-3.73 ± 2.96 / 52.97 ± 1.30,17.1.0.dev0,17.1.0.dev0,17.1.0.dev0,17.1.0.dev0,17.1.0.dev0,17.1.0.dev0
<a href='https://hf.co/utter-project/EuroLLM-9B'>utter-project/EuroLLM-9B</a>,🧠,3.13,9152319488.0,128000.0,4096.0,✓,✗,(✓),✓,36.45 ± 2.27 / 56.67 ± 1.93,40.54 ± 1.85 / 33.24 ± 2.60,0.95 ± 1.07 / 33.39 ± 0.28,64.99 ± 1.57 / 48.83 ± 1.78,29.97 ± 0.95 / 47.12 ± 0.76,12.67 ± 1.03 / 55.79 ± 0.54,16.7.1.dev0,16.7.1.dev0,16.7.1.dev0,16.7.1.dev0,16.7.1.dev0,16.7.1.dev0
<a href='https://hf.co/speakleash/Bielik-4.5B-v3.0-Instruct'>speakleash/Bielik-4.5B-v3.0-Instruct</a>,📝,3.14,4757260288.0,32000.0,32768.0,✓,✗,(✓),✓,39.21 ± 1.37 / 58.70 ± 1.01,49.68 ± 1.49 / 28.27 ± 2.46,11.65 ± 1.91 / 42.93 ± 2.24,52.65 ± 1.95 / 35.18 ± 2.54,19.40 ± 1.08 / 39.37 ± 0.80,6.96 ± 1.52 / 53.54 ± 0.72,16.11.0.dev0,16.11.0.dev0,16.11.0.dev0,16.11.0.dev0,16.11.0.dev0,16.11.0.dev0
<a href='https://hf.co/allenai/Olmo-3-7B-Think'>allenai/Olmo-3-7B-Think</a>,🤔,3.14,7298011136.0,100278.0,65536.0,✗,✗,(✓),✓,27.83 ± 1.83 / 51.68 ± 1.17,58.57 ± 2.19 / 49.34 ± 3.07,7.30 ± 1.97 / 44.17 ± 1.36,46.60 ± 1.40 / 30.49 ± 1.78,31.21 ± 1.43 / 48.31 ± 1.07,8.12 ± 2.95 / 54.03 ± 1.47,16.14.0.dev0,16.14.0.dev0,16.14.0.dev0,16.14.0.dev0,16.14.0.dev0,16.14.0.dev0
<a href='https://hf.co/google/gemma-3-4b-it'>google/gemma-3-4b-it</a>,📝,3.19,4300079472.0,262144.0,8192.0,✓,✗,(✓),✓,45.12 ± 1.59 / 62.60 ± 1.35,47.12 ± 1.31 / 34.52 ± 1.70,23.08 ± 2.21 / 57.92 ± 1.66,18.19 ± 1.03 / 0.85 ± 0.55,28.82 ± 1.17 / 46.14 ± 0.85,6.27 ± 1.82 / 52.87 ± 1.05,16.9.0.dev0,16.9.0.dev0,16.9.0.dev0,16.9.0.dev0,16.9.0.dev0,16.9.0.dev0
<a href='https://hf.co/occiglot/occiglot-7b-eu5-instruct'>occiglot/occiglot-7b-eu5-instruct</a>,📝,3.23,7241748480.0,32002.0,32768.0,✗,✗,(✓),✗,40.86 ± 1.39 / 59.47 ± 0.94,44.97 ± 2.20 / 31.41 ± 2.26,6.53 ± 2.58 / 50.35 ± 3.60,65.31 ± 0.93 / 43.40 ± 1.02,9.05 ± 0.91 / 31.11 ± 0.74,3.63 ± 2.06 / 50.76 ± 1.35,16.7.1.dev0,16.7.1.dev0,16.7.1.dev0,16.7.1.dev0,16.7.1.dev0,16.7.1.dev0
<a href='https://hf.co/ibm-granite/granite-4.0-h-tiny'>ibm-granite/granite-4.0-h-tiny</a>,📝,3.26,6939037248.0,100352.0,131072.0,✓,✗,(✓),✗,43.17 ± 1.39 / 59.81 ± 1.17,47.38 ± 1.55 / 32.76 ± 2.00,9.46 ± 1.42 / 45.64 ± 3.96,28.20 ± 1.33 / 0.46 ± 0.23,32.30 ± 1.40 / 48.63 ± 1.17,4.58 ± 2.12 / 52.17 ± 1.00,16.8.0.dev0,16.8.0.dev0,16.8.0.dev0,16.8.0.dev0,16.8.0.dev0,16.8.0.dev0
<a href='https://hf.co/kurakurai/Luth-1.7B-Instruct'>kurakurai/Luth-1.7B-Instruct</a>,📝,3.26,1720574976.0,151936.0,40960.0,✗,✗,(✓),✗,39.98 ± 1.36 / 59.59 ± 0.83,37.18 ± 1.55 / 24.34 ± 0.85,11.28 ± 1.62 / 43.76 ± 2.73,56.75 ± 0.87 / 34.89 ± 0.96,21.76 ± 0.84 / 40.85 ± 0.70,0.46 ± 3.05 / 49.82 ± 1.47,16.7.0.dev0,16.7.0.dev0,16.7.0.dev0,16.7.0.dev0,16.7.0.dev0,16.7.0.dev0
<a href='https://hf.co/Qwen/Qwen3-1.7B'>Qwen/Qwen3-1.7B#no-thinking</a>,📝,3.27,2031739904.0,151936.0,40960.0,✓,✗,✗,✓,40.69 ± 1.27 / 59.83 ± 0.85,36.24 ± 1.31 / 23.98 ± 1.23,10.98 ± 2.28 / 45.12 ± 3.56,56.15 ± 1.19 / 36.94 ± 1.48,19.58 ± 0.85 / 39.30 ± 0.67,1.09 ± 2.65 / 49.81 ± 0.94,16.9.0.dev0,16.9.0.dev0,16.9.0.dev0,16.9.0.dev0,16.9.0.dev0,16.9.0.dev0
<a href='https://hf.co/swiss-ai/Apertus-8B-Instruct-2509'>swiss-ai/Apertus-8B-Instruct-2509</a>,📝,3.33,8053338176.0,131072.0,65536.0,✗,✗,(✓),✗,44.27 ± 1.80 / 62.29 ± 1.29,39.90 ± 1.90 / 23.50 ± 2.04,21.74 ± 2.10 / 53.29 ± 2.64,16.43 ± 1.27 / 0.02 ± 0.04,29.60 ± 1.18 / 46.65 ± 1.02,0.37 ± 1.96 / 49.18 ± 0.75,16.10.1.dev0,16.10.1.dev0,16.10.1.dev0,16.10.1.dev0,16.10.1.dev0,16.10.1.dev0
<a href='https://hf.co/allenai/Olmo-3-1025-7B'>allenai/Olmo-3-1025-7B</a>,🧠,3.36,7298011136.0,100278.0,65536.0,✓,✗,(✓),✓,33.49 ± 1.13 / 52.14 ± 1.76,40.62 ± 3.46 / 30.87 ± 3.60,4.01 ± 1.45 / 48.99 ± 2.55,59.40 ± 1.18 / 43.26 ± 1.49,14.08 ± 0.86 / 35.17 ± 0.59,1.22 ± 1.83 / 49.83 ± 1.08,16.9.0.dev0,16.9.0.dev0,16.9.0.dev0,16.9.0.dev0,16.9.0.dev0,16.9.0.dev0
<a href='https://hf.co/Qwen/Qwen3.5-2B-Base'>Qwen/Qwen3.5-2B-Base (val)</a>,🧠,3.38,2274067232.0,248044.0,8192.0,✓,✗,(✓),✓,14.42 ± 2.20 / 22.45 ± 1.42,45.88 ± 2.72 / 34.58 ± 1.78,1.54 ± 1.04 / 34.00 ± 0.49,61.97 ± 0.72 / 44.24 ± 1.11,18.20 ± 1.45 / 27.27 ± 1.22,8.83 ± 2.66 / 63.98 ± 1.02,17.1.0.dev0,17.1.0.dev0,17.1.0.dev0,17.1.0.dev0,17.1.0.dev0,17.1.0.dev0
<a href='https://hf.co/HuggingFaceTB/SmolLM3-3B-Base'>HuggingFaceTB/SmolLM3-3B-Base</a>,🧠,3.40,3075098624.0,128256.0,65536.0,✓,✗,✗,✓,33.48 ± 2.15 / 46.70 ± 3.45,40.62 ± 3.66 / 31.25 ± 4.39,2.14 ± 1.85 / 35.59 ± 1.03,56.06 ± 1.31 / 40.14 ± 1.58,13.29 ± 1.49 / 34.39 ± 1.08,-0.48 ± 3.04 / 49.76 ± 0.94,16.9.0.dev0,16.9.0.dev0,16.9.0.dev0,16.9.0.dev0,16.9.0.dev0,16.9.0.dev0
<a href='https://hf.co/Qwen/Qwen3.5-0.8B'>Qwen/Qwen3.5-0.8B (val)</a>,📝,3.48,873436192.0,248044.0,8192.0,✓,✗,(✓),✓,36.80 ± 1.43 / 50.81 ± 1.70,41.31 ± 1.99 / 32.52 ± 1.79,8.16 ± 2.29 / 39.45 ± 1.56,39.85 ± 1.06 / 17.19 ± 1.39,8.86 ± 1.02 / 34.38 ± 1.15,-0.13 ± 2.58 / 38.67 ± 1.32,16.17.0.dev0,16.17.0.dev0,16.17.0.dev0,16.17.0.dev0,16.17.0.dev0,16.17.0.dev0
<a href='https://hf.co/Unbabel/Tower-Plus-2B'>Unbabel/Tower-Plus-2B (val)</a>,📝,3.50,2614341888.0,256000.0,8192.0,✗,✗,(✓),✗,34.18 ± 3.42 / 52.61 ± 2.51,27.93 ± 1.85 / 22.15 ± 2.32,10.35 ± 5.02 / 50.33 ± 3.65,51.63 ± 0.86 / 32.61 ± 1.84,9.12 ± 3.21 / 30.35 ± 2.76,-1.25 ± 3.51 / 53.20 ± 2.44,16.16.1.dev0,16.16.1.dev0,16.16.1.dev0,16.16.1.dev0,16.16.1.dev0,16.16.1.dev0
<a href='https://hf.co/arcee-ai/Trinity-Nano-Preview'>arcee-ai/Trinity-Nano-Preview</a>,📝,3.52,6120003328.0,200192.0,131072.0,✓,✗,(✓),✗,28.74 ± 1.68 / 48.77 ± 1.90,44.19 ± 1.99 / 36.92 ± 1.90,3.64 ± 1.34 / 41.21 ± 3.73,41.72 ± 4.69 / 26.97 ± 2.93,9.05 ± 1.53 / 30.85 ± 1.21,3.33 ± 1.32 / 51.66 ± 0.78,16.10.1.dev0,16.10.1.dev0,16.10.1.dev0,16.10.1.dev0,16.10.1.dev0,16.10.1.dev0
<a href='https://hf.co/allenai/Olmo-3-7B-Instruct'>allenai/Olmo-3-7B-Instruct</a>,📝,3.54,7298011136.0,100278.0,65536.0,✗,✗,(✓),✓,26.62 ± 1.44 / 49.52 ± 1.56,40.11 ± 1.67 / 34.43 ± 1.71,4.04 ± 1.90 / 51.23 ± 1.27,46.49 ± 1.54 / 27.09 ± 1.82,8.04 ± 0.88 / 30.67 ± 0.74,3.65 ± 1.88 / 52.06 ± 0.96,16.9.0.dev0,16.9.0.dev0,16.9.0.dev0,16.9.0.dev0,16.9.0.dev0,16.9.0.dev0
<a href='https://hf.co/deepcogito/cogito-v1-preview-llama-3B'>deepcogito/cogito-v1-preview-llama-3B</a>,📝,3.57,3606752256.0,128256.0,131072.0,✓,✗,(✓),✗,38.43 ± 1.27 / 56.82 ± 1.09,45.37 ± 2.96 / 34.37 ± 3.72,4.77 ± 3.40 / 41.10 ± 5.54,16.70 ± 1.07 / 0.02 ± 0.04,13.67 ± 1.78 / 33.71 ± 1.80,1.69 ± 2.64 / 50.23 ± 1.27,16.9.0.dev0,16.9.0.dev0,16.9.0.dev0,16.9.0.dev0,16.9.0.dev0,16.9.0.dev0
<a href='https://hf.co/allenai/Olmo-3-7B-Instruct-DPO'>allenai/Olmo-3-7B-Instruct-DPO</a>,📝,3.59,7298011136.0,100278.0,65536.0,✗,✗,(✓),✓,26.00 ± 1.63 / 49.12 ± 1.88,40.95 ± 1.21 / 34.19 ± 1.69,3.94 ± 1.88 / 51.21 ± 1.31,44.38 ± 1.20 / 23.26 ± 1.77,7.11 ± 1.15 / 30.03 ± 0.93,1.14 ± 3.15 / 50.78 ± 1.56,16.9.0.dev0,16.9.0.dev0,16.9.0.dev0,16.9.0.dev0,16.9.0.dev0,16.9.0.dev0
<a href='https://hf.co/meta-llama/Llama-3.2-3B-Instruct'>meta-llama/Llama-3.2-3B-Instruct</a>,📝,3.61,3212749824.0,128256.0,131072.0,✓,✗,(✓),✓,28.30 ± 4.17 / 46.83 ± 5.49,49.60 ± 1.82 / 32.89 ± 2.19,4.64 ± 1.98 / 39.77 ± 4.58,14.57 ± 0.89 / 0.09 ± 0.07,13.32 ± 1.31 / 34.78 ± 1.11,3.23 ± 2.42 / 51.41 ± 1.18,16.7.1.dev0,16.7.1.dev0,16.7.1.dev0,16.7.1.dev0,16.7.1.dev0,16.7.1.dev0
<a href='https://hf.co/HuggingFaceTB/SmolLM3-3B'>HuggingFaceTB/SmolLM3-3B#no-thinking</a>,📝,3.65,3075098624.0,128256.0,65536.0,✓,✗,✗,✓,27.57 ± 1.48 / 48.99 ± 1.57,43.60 ± 2.09 / 39.27 ± 2.03,6.70 ± 2.03 / 52.08 ± 1.52,23.84 ± 0.69 / 1.00 ± 0.28,10.52 ± 1.02 / 32.29 ± 0.78,-0.39 ± 2.88 / 49.34 ± 0.96,16.7.1.dev0,16.7.1.dev0,16.7.1.dev0,16.7.1.dev0,16.7.1.dev0,16.7.1.dev0
<a href='https://hf.co/allenai/Olmo-3-7B-Instruct-SFT'>allenai/Olmo-3-7B-Instruct-SFT</a>,📝,3.65,7298011136.0,100278.0,65536.0,✗,✗,(✓),✓,22.01 ± 3.16 / 36.68 ± 4.59,36.07 ± 2.02 / 31.54 ± 2.00,0.54 ± 1.24 / 46.36 ± 1.91,45.20 ± 1.59 / 28.29 ± 2.01,5.88 ± 1.31 / 29.10 ± 0.96,4.04 ± 2.43 / 52.24 ± 1.17,16.9.0.dev0,16.9.0.dev0,16.9.0.dev0,16.9.0.dev0,16.9.0.dev0,16.9.0.dev0
<a href='https://hf.co/occiglot/occiglot-7b-eu5'>occiglot/occiglot-7b-eu5</a>,🧠,3.67,7241732096.0,32000.0,32768.0,✓,✗,(✓),✗,2.39 ± 1.03 / 16.91 ± 0.44,43.32 ± 2.91 / 40.34 ± 3.03,0.00 ± 0.00 / 33.30 ± 0.27,62.66 ± 1.44 / 45.46 ± 1.12,10.09 ± 0.92 / 26.76 ± 0.57,0.80 ± 1.95 / 49.18 ± 0.78,16.7.1.dev0,16.7.1.dev0,16.7.1.dev0,16.7.1.dev0,16.7.1.dev0,16.7.1.dev0
<a href='https://hf.co/Qwen/Qwen2.5-1.5B-Instruct'>Qwen/Qwen2.5-1.5B-Instruct</a>,📝,3.67,1543714304.0,151936.0,32768.0,✓,✗,(✓),✓,31.25 ± 1.69 / 51.71 ± 1.07,35.42 ± 2.19 / 17.25 ± 0.84,5.44 ± 1.13 / 52.15 ± 0.71,21.80 ± 0.63 / 0.33 ± 0.11,12.65 ± 0.80 / 34.15 ± 0.68,3.50 ± 2.14 / 51.78 ± 1.14,16.7.1.dev0,16.7.1.dev0,16.7.1.dev0,16.7.1.dev0,16.7.1.dev0,16.7.1.dev0
<a href='https://hf.co/nvidia/NVIDIA-Nemotron-3-Nano-4B-FP8'>nvidia/NVIDIA-Nemotron-3-Nano-4B-FP8 (val)</a>,🤔,3.67,2680100864.0,131072.0,262144.0,✓,✗,✗,✓,25.35 ± 2.17 / 49.00 ± 1.57,47.44 ± 2.17 / 42.84 ± 2.16,1.82 ± 2.81 / 46.46 ± 1.30,8.04 ± 1.28 / 3.54 ± 0.76,22.35 ± 2.64 / 40.47 ± 2.01,4.16 ± 4.99 / 53.28 ± 2.26,17.1.0.dev0,17.1.0.dev0,17.1.0.dev0,17.1.0.dev0,17.1.0.dev0,17.1.0.dev0
<a href='https://hf.co/arcee-ai/AFM-4.5B-Base'>arcee-ai/AFM-4.5B-Base</a>,🧠,3.69,4619184640.0,128004.0,65536.0,✓,✗,(✓),✗,29.26 ± 1.26 / 51.90 ± 0.91,31.36 ± 2.26 / 24.34 ± 2.83,1.88 ± 1.48 / 41.82 ± 3.62,40.10 ± 1.91 / 27.87 ± 1.79,11.14 ± 0.85 / 32.68 ± 0.62,1.69 ± 1.30 / 49.62 ± 0.84,16.10.1.dev0,16.10.1.dev0,16.10.1.dev0,16.10.1.dev0,16.10.1.dev0,16.10.1.dev0
<a href='https://hf.co/BSC-LT/salamandra-7b-instruct'>BSC-LT/salamandra-7b-instruct</a>,📝,3.69,7768117248.0,256000.0,8192.0,✓,✗,(✓),✓,35.00 ± 2.40 / 55.15 ± 2.39,21.49 ± 2.35 / 17.96 ± 1.62,10.42 ± 2.20 / 50.56 ± 1.59,17.44 ± 0.52 / 0.04 ± 0.06,16.04 ± 1.15 / 36.39 ± 0.90,9.36 ± 0.98 / 53.47 ± 0.67,16.9.0.dev0,16.9.0.dev0,16.9.0.dev0,16.9.0.dev0,16.9.0.dev0,16.9.0.dev0
<a href='https://hf.co/tencent/Hunyuan-4B-Instruct'>tencent/Hunyuan-4B-Instruct (val)</a>,🤔,3.70,4221757440.0,120818.0,262144.0,✓,✗,(✓),✓,33.34 ± 1.93 / 53.89 ± 1.42,37.45 ± 2.17 / 27.60 ± 2.21,5.95 ± 1.82 / 52.42 ± 0.82,25.06 ± 0.61 / 0.00 ± 0.00,0.00 ± 0.00 / 18.01 ± 0.98,0.00 ± 0.00 / 63.28 ± 1.13,17.0.0.dev0,17.0.0.dev0,17.0.0.dev0,17.0.0.dev0,17.0.0.dev0,17.0.0.dev0
<a href='https://hf.co/tencent/Hunyuan-7B-Instruct'>tencent/Hunyuan-7B-Instruct (val)</a>,🤔,3.71,7504568320.0,128167.0,32768.0,✓,✗,(✓),✓,29.74 ± 2.23 / 52.18 ± 1.52,41.38 ± 2.01 / 30.70 ± 1.66,4.43 ± 3.05 / 52.01 ± 1.55,25.62 ± 0.88 / 0.00 ± 0.00,-0.09 ± 0.12 / 18.01 ± 0.98,0.00 ± 0.00 / 63.28 ± 1.13,16.17.0.dev0,16.17.0.dev0,16.17.0.dev0,16.17.0.dev0,16.17.0.dev0,16.17.0.dev0
<a href='https://hf.co/TrustLLMeu/baseline-7-8b_2-3t-tokens_llama'>TrustLLMeu/baseline-7-8b_2-3t-tokens_llama</a>,🧠,3.76,7799574528.0,100096.0,4096.0,✓,✗,(✓),✗,17.01 ± 3.41 / 35.37 ± 2.70,35.64 ± 2.58 / 32.18 ± 2.52,-0.30 ± 0.59 / 33.29 ± 0.26,48.49 ± 1.39 / 34.08 ± 1.33,2.44 ± 1.06 / 24.91 ± 0.57,0.00 ± 0.00 / 49.12 ± 0.75,16.7.1.dev0,16.7.1.dev0,16.7.1.dev0,16.7.1.dev0,16.7.1.dev0,16.7.1.dev0
<a href='https://hf.co/microsoft/Phi-4-reasoning-plus'>microsoft/Phi-4-reasoning-plus (val)</a>,🤔,3.77,14659507200.0,100352.0,32768.0,✓,✗,(✓),✓,17.50 ± 1.99 / 40.32 ± 1.15,42.90 ± 1.94 / 38.98 ± 1.85,15.97 ± 2.27 / 56.27 ± 1.31,7.08 ± 0.94 / 0.65 ± 0.25,5.82 ± 1.79 / 19.49 ± 0.85,2.43 ± 3.61 / 62.89 ± 1.35,17.0.0.dev0,17.0.0.dev0,17.0.0.dev0,17.0.0.dev0,17.0.0.dev0,17.0.0.dev0
<a href='https://hf.co/arcee-ai/Trinity-Mini-Base'>arcee-ai/Trinity-Mini-Base</a>,📝,3.78,26123974400.0,200192.0,131072.0,✗,✗,(✓),✗,9.43 ± 2.58 / 19.97 ± 2.35,50.38 ± 1.74 / 26.28 ± 1.70,4.70 ± 2.01 / 38.49 ± 3.85,23.61 ± 2.15 / 8.08 ± 2.69,8.06 ± 1.08 / 28.75 ± 0.78,0.19 ± 1.22 / 49.14 ± 0.73,16.11.0.dev0,16.11.0.dev0,16.11.0.dev0,16.11.0.dev0,16.11.0.dev0,16.11.0.dev0
<a href='https://hf.co/arcee-ai/AFM-4.5B'>arcee-ai/AFM-4.5B</a>,📝,3.80,4619189760.0,128005.0,65536.0,✓,✗,(✓),✗,24.42 ± 1.25 / 45.45 ± 1.06,34.55 ± 1.34 / 22.29 ± 1.34,6.96 ± 2.14 / 46.04 ± 2.78,16.80 ± 0.84 / 0.17 ± 0.09,10.08 ± 1.16 / 30.94 ± 0.74,3.76 ± 2.42 / 51.09 ± 1.04,16.10.1.dev0,16.10.1.dev0,16.10.1.dev0,16.10.1.dev0,16.10.1.dev0,16.10.1.dev0
<a href='https://hf.co/google/gemma-4-E4B'>google/gemma-4-E4B (val)</a>,🧠,3.82,7996157418.0,262144.0,8192.0,✓,✗,(✓),✓,5.43 ± 1.39 / 35.31 ± 0.90,25.39 ± 2.30 / 20.59 ± 1.69,2.92 ± 4.81 / 50.23 ± 2.29,55.39 ± 1.12 / 33.32 ± 1.55,8.36 ± 1.74 / 30.82 ± 1.43,0.17 ± 3.36 / 54.14 ± 1.89,17.1.0.dev0,17.1.0.dev0,17.1.0.dev0,17.1.0.dev0,17.1.0.dev0,17.1.0.dev0
<a href='https://hf.co/LiquidAI/LFM2-2.6B'>LiquidAI/LFM2-2.6B</a>,📝,3.82,2569272320.0,65536.0,128000.0,✗,✗,(✓),✓,22.56 ± 1.75 / 45.22 ± 1.91,40.83 ± 1.56 / 33.37 ± 2.42,2.38 ± 1.50 / 45.83 ± 1.69,15.00 ± 1.49 / 3.51 ± 1.36,7.63 ± 0.84 / 29.60 ± 0.64,0.18 ± 2.04 / 50.35 ± 1.15,16.7.0.dev0,16.7.0.dev0,16.7.0.dev0,16.7.0.dev0,16.7.0.dev0,16.7.0.dev0
<a href='https://hf.co/speakleash/Bielik-1.5B-v3.0-Instruct'>speakleash/Bielik-1.5B-v3.0-Instruct</a>,📝,3.86,1596507648.0,32000.0,8192.0,✓,✗,(✓),✓,5.24 ± 2.43 / 18.64 ± 1.43,37.20 ± 1.41 / 25.33 ± 0.83,1.01 ± 1.82 / 38.01 ± 3.75,39.40 ± 1.39 / 25.98 ± 2.27,7.67 ± 0.83 / 30.40 ± 0.57,3.17 ± 2.11 / 51.62 ± 1.05,16.11.0.dev0,16.11.0.dev0,16.11.0.dev0,16.11.0.dev0,16.11.0.dev0,16.11.0.dev0
<a href='https://hf.co/Qwen/Qwen3-0.6B'>Qwen/Qwen3-0.6B#no-thinking</a>,📝,3.88,751632384.0,151936.0,40960.0,✓,✗,✗,✓,23.31 ± 1.57 / 36.07 ± 2.78,28.86 ± 1.27 / 21.48 ± 1.97,-0.13 ± 1.52 / 41.67 ± 4.26,29.88 ± 1.60 / 11.83 ± 1.79,5.45 ± 1.19 / 28.33 ± 1.16,0.90 ± 1.71 / 49.64 ± 0.58,16.9.0.dev0,16.9.0.dev0,16.9.0.dev0,16.9.0.dev0,16.9.0.dev0,16.9.0.dev0
<a href='https://hf.co/google/gemma-3-1b-pt'>google/gemma-3-1b-pt</a>,🧠,3.89,999885952.0,262144.0,32768.0,✓,✗,(✓),✓,24.89 ± 2.38 / 35.72 ± 3.44,20.81 ± 3.55 / 20.74 ± 3.73,-0.22 ± 1.54 / 41.43 ± 2.58,42.76 ± 1.37 / 26.59 ± 1.80,-0.40 ± 0.81 / 24.12 ± 0.48,-1.20 ± 2.31 / 49.13 ± 0.90,16.9.0.dev0,16.9.0.dev0,16.9.0.dev0,16.9.0.dev0,16.9.0.dev0,16.9.0.dev0
<a href='https://hf.co/Qwen/Qwen3.5-0.8B-Base'>Qwen/Qwen3.5-0.8B-Base (val)</a>,🧠,3.90,873436192.0,248044.0,8192.0,✓,✗,(✓),✓,0.00 ± 0.00 / 13.20 ± 0.28,27.68 ± 1.44 / 23.46 ± 1.14,0.00 ± 0.00 / 33.74 ± 0.46,51.96 ± 1.08 / 35.11 ± 1.09,12.60 ± 0.87 / 28.79 ± 0.91,0.74 ± 3.77 / 47.58 ± 1.90,17.1.0.dev0,17.1.0.dev0,17.1.0.dev0,17.1.0.dev0,17.1.0.dev0,17.1.0.dev0
<a href='https://hf.co/arcee-ai/Trinity-Nano-Base'>arcee-ai/Trinity-Nano-Base</a>,📝,3.94,6120003328.0,200192.0,131072.0,✓,✗,(✓),✗,6.07 ± 3.81 / 20.86 ± 3.42,39.71 ± 0.93 / 28.37 ± 1.46,0.47 ± 1.42 / 33.55 ± 0.37,18.32 ± 0.64 / 1.28 ± 0.26,10.08 ± 1.23 / 32.37 ± 0.84,4.08 ± 2.18 / 50.70 ± 1.13,16.11.0.dev0,16.11.0.dev0,16.11.0.dev0,16.11.0.dev0,16.11.0.dev0,16.11.0.dev0
<a href='https://hf.co/google/gemma-3-1b-it'>google/gemma-3-1b-it</a>,📝,3.94,999885952.0,262144.0,32768.0,✓,✗,(✓),✓,25.13 ± 2.04 / 47.45 ± 2.64,26.12 ± 1.16 / 24.14 ± 0.77,4.86 ± 1.35 / 44.06 ± 4.50,14.47 ± 0.74 / 0.00 ± 0.00,3.72 ± 0.84 / 27.15 ± 0.63,1.00 ± 2.94 / 49.43 ± 1.21,16.9.0.dev0,16.9.0.dev0,16.9.0.dev0,16.9.0.dev0,16.9.0.dev0,16.9.0.dev0
<a href='https://hf.co/BSC-LT/salamandra-7b'>BSC-LT/salamandra-7b</a>,🧠,3.95,7768117248.0,256000.0,8192.0,✓,✗,(✓),✓,3.72 ± 2.41 / 17.07 ± 0.72,16.72 ± 2.42 / 16.26 ± 2.22,0.00 ± 0.00 / 33.30 ± 0.27,50.49 ± 2.96 / 32.62 ± 3.03,12.23 ± 0.97 / 30.51 ± 1.10,1.37 ± 2.18 / 49.63 ± 1.00,16.9.0.dev0,16.9.0.dev0,16.9.0.dev0,16.9.0.dev0,16.9.0.dev0,16.9.0.dev0
<a href='https://hf.co/PleIAs/Pleias-1.2b-Preview'>PleIAs/Pleias-1.2b-Preview</a>,🧠,3.97,1195468800.0,65536.0,2048.0,✓,✗,(✓),✓,25.57 ± 4.49 / 33.90 ± 4.49,23.36 ± 1.36 / 21.95 ± 1.69,1.91 ± 1.50 / 34.57 ± 2.16,22.22 ± 1.35 / 9.57 ± 1.01,-0.18 ± 0.71 / 24.82 ± 0.42,0.43 ± 0.85 / 49.14 ± 0.77,16.9.0.dev0,16.9.0.dev0,16.9.0.dev0,16.9.0.dev0,16.9.0.dev0,16.9.0.dev0
<a href='https://hf.co/meta-llama/Llama-3.2-1B'>meta-llama/Llama-3.2-1B</a>,🧠,3.99,1235814400.0,128256.0,131072.0,✓,✗,(✓),✓,20.84 ± 1.80 / 37.52 ± 1.50,16.79 ± 2.95 / 16.90 ± 3.00,1.03 ± 1.75 / 49.03 ± 1.43,33.27 ± 1.82 / 19.25 ± 1.57,0.70 ± 1.20 / 25.34 ± 0.90,0.50 ± 3.54 / 49.90 ± 1.74,16.9.0.dev0,16.9.0.dev0,16.9.0.dev0,16.9.0.dev0,16.9.0.dev0,16.9.0.dev0
<a href='https://hf.co/google/gemma-4-E2B'>google/gemma-4-E2B (val)</a>,🧠,4.01,5123178979.0,262144.0,8192.0,✓,✗,(✓),✓,8.31 ± 2.79 / 36.05 ± 1.94,12.46 ± 1.78 / 12.73 ± 1.30,-1.78 ± 2.58 / 46.72 ± 1.27,45.10 ± 1.04 / 25.48 ± 1.29,9.88 ± 2.06 / 31.91 ± 1.47,-1.23 ± 4.71 / 51.56 ± 2.31,17.1.0.dev0,17.1.0.dev0,17.1.0.dev0,17.1.0.dev0,17.1.0.dev0,17.1.0.dev0
<a href='https://hf.co/yulan-team/YuLan-Mini-Instruct'>yulan-team/YuLan-Mini-Instruct</a>,📝,4.03,2424375168.0,99000.0,28723.0,✗,✗,(✓),✓,18.52 ± 2.05 / 41.57 ± 2.80,27.61 ± 1.71 / 22.21 ± 2.31,1.59 ± 2.22 / 45.72 ± 4.18,12.98 ± 0.73 / 0.04 ± 0.06,7.72 ± 0.82 / 30.12 ± 0.83,0.22 ± 0.43 / 49.15 ± 0.75,16.7.1.dev0,16.7.1.dev0,16.7.1.dev0,16.7.1.dev0,16.7.1.dev0,16.7.1.dev0
<a href='https://hf.co/PleIAs/Pleias-3b-Preview'>PleIAs/Pleias-3b-Preview</a>,🧠,4.04,3211926528.0,65536.0,4096.0,✓,✗,(✓),✓,16.09 ± 3.78 / 28.26 ± 4.11,19.15 ± 4.52 / 19.45 ± 3.78,0.73 ± 1.53 / 40.00 ± 3.83,27.44 ± 1.19 / 16.37 ± 1.64,1.01 ± 1.31 / 24.94 ± 0.91,0.28 ± 1.16 / 49.18 ± 0.73,16.8.0.dev0,16.8.0.dev0,16.8.0.dev0,16.8.0.dev0,16.8.0.dev0,16.8.0.dev0
<a href='https://hf.co/lapa-llm/lapa-12b-pt'>lapa-llm/lapa-12b-pt</a>,📝,4.09,12187325040.0,262144.0,8192.0,✓,✗,(✓),✗,1.65 ± 1.52 / 17.21 ± 0.36,48.06 ± 2.11 / 36.31 ± 2.19,0.00 ± 0.00 / 33.36 ± 0.27,0.93 ± 0.14 / 0.00 ± 0.00,10.87 ± 2.23 / 30.10 ± 1.91,0.00 ± 0.00 / 49.12 ± 0.75,16.9.0.dev0,16.9.0.dev0,16.9.0.dev0,16.9.0.dev0,16.9.0.dev0,16.9.0.dev0
<a href='https://hf.co/utter-project/EuroMoE-2.6B-A0.6B-Instruct-Preview'>utter-project/EuroMoE-2.6B-A0.6B-Instruct-Preview</a>,📝,4.25,2611528704.0,128000.0,4096.0,✓,✗,(✓),✓,6.92 ± 3.31 / 23.38 ± 4.55,13.64 ± 2.07 / 12.96 ± 1.48,0.12 ± 1.08 / 36.03 ± 2.72,21.41 ± 1.89 / 2.57 ± 1.01,-1.31 ± 1.60 / 24.28 ± 0.99,0.36 ± 2.03 / 50.30 ± 1.07,16.7.1.dev0,16.7.1.dev0,16.7.1.dev0,16.7.1.dev0,16.7.1.dev0,16.7.1.dev0
<a href='https://hf.co/meta-llama/Llama-3.2-1B-Instruct'>meta-llama/Llama-3.2-1B-Instruct</a>,📝,4.26,1235814400.0,128256.0,131072.0,✓,✗,(✓),✓,4.84 ± 3.27 / 19.52 ± 3.38,28.40 ± 1.09 / 23.48 ± 1.14,-0.15 ± 2.73 / 43.64 ± 4.32,6.35 ± 0.97 / 0.00 ± 0.00,-0.17 ± 1.14 / 24.59 ± 0.57,1.94 ± 1.59 / 50.15 ± 1.10,16.9.0.dev0,16.9.0.dev0,16.9.0.dev0,16.9.0.dev0,16.9.0.dev0,16.9.0.dev0
<a href='https://hf.co/utter-project/EuroMoE-2.6B-A0.6B-Preview'>utter-project/EuroMoE-2.6B-A0.6B-Preview</a>,🧠,4.26,2611528704.0,128000.0,4096.0,✓,✗,(✓),✓,0.00 ± 0.00 / 16.63 ± 0.23,6.88 ± 2.66 / 6.59 ± 2.27,0.17 ± 0.91 / 33.33 ± 0.28,42.75 ± 1.33 / 26.07 ± 1.11,-0.20 ± 0.83 / 24.11 ± 0.51,-0.13 ± 1.40 / 49.12 ± 0.75,16.7.1.dev0,16.7.1.dev0,16.7.1.dev0,16.7.1.dev0,16.7.1.dev0,16.7.1.dev0
<a href='https://hf.co/baidu/ERNIE-4.5-0.3B-PT'>baidu/ERNIE-4.5-0.3B-PT</a>,📝,4.28,?,103424.0,131072.0,✓,✗,(✓),✗,4.98 ± 1.94 / 25.88 ± 2.21,19.52 ± 2.04 / 19.65 ± 2.18,-0.98 ± 1.63 / 46.63 ± 2.06,11.48 ± 1.69 / 4.13 ± 1.05,0.20 ± 1.30 / 25.58 ± 0.82,1.43 ± 3.24 / 51.11 ± 1.30,16.9.0.dev0,16.9.0.dev0,16.9.0.dev0,16.9.0.dev0,16.9.0.dev0,16.9.0.dev0
<a href='https://hf.co/google/gemma-3-270m'>google/gemma-3-270m</a>,🧠,4.32,268098176.0,262144.0,32768.0,✓,✗,(✓),✓,4.12 ± 2.91 / 23.14 ± 2.70,20.91 ± 1.62 / 21.18 ± 1.74,-0.42 ± 1.50 / 38.37 ± 4.39,7.41 ± 0.65 / 2.28 ± 0.47,0.42 ± 1.00 / 25.34 ± 0.71,1.25 ± 2.70 / 49.20 ± 1.08,16.9.0.dev0,16.9.0.dev0,16.9.0.dev0,16.9.0.dev0,16.9.0.dev0,16.9.0.dev0
<a href='https://hf.co/LiquidAI/LFM2.5-1.2B-Base'>LiquidAI/LFM2.5-1.2B-Base</a>,📝,4.33,1170340608.0,65536.0,128000.0,✗,✗,(✓),✓,4.97 ± 2.92 / 29.20 ± 3.67,22.74 ± 1.78 / 22.28 ± 1.76,-0.68 ± 1.25 / 33.85 ± 0.84,3.59 ± 0.40 / 0.00 ± 0.00,-0.43 ± 1.18 / 24.60 ± 1.15,0.60 ± 1.43 / 49.90 ± 1.03,16.10.1.dev0,16.10.1.dev0,16.10.1.dev0,16.10.1.dev0,16.10.1.dev0,16.10.1.dev0
<a href='https://hf.co/PleIAs/Pleias-350m-Preview'>PleIAs/Pleias-350m-Preview</a>,🧠,4.33,353424384.0,65536.0,2048.0,✓,✗,(✓),✓,7.94 ± 3.17 / 28.36 ± 4.41,20.37 ± 1.39 / 20.48 ± 1.29,-0.35 ± 1.76 / 35.23 ± 2.00,5.41 ± 1.00 / 1.68 ± 0.46,0.10 ± 1.12 / 24.81 ± 0.94,-2.12 ± 2.19 / 48.84 ± 0.95,16.9.0.dev0,16.9.0.dev0,16.9.0.dev0,16.9.0.dev0,16.9.0.dev0,16.9.0.dev0
<a href='https://hf.co/HuggingFaceTB/SmolLM2-360M-Instruct'>HuggingFaceTB/SmolLM2-360M-Instruct</a>,📝,4.37,361821120.0,49152.0,8192.0,✓,✗,(✓),✓,1.34 ± 1.46 / 20.45 ± 3.84,20.20 ± 2.76 / 20.21 ± 2.61,0.88 ± 1.12 / 37.08 ± 4.39,3.22 ± 0.28 / 0.02 ± 0.04,-0.97 ± 0.72 / 24.48 ± 0.59,0.38 ± 0.75 / 49.29 ± 0.78,16.9.0.dev0,16.9.0.dev0,16.9.0.dev0,16.9.0.dev0,16.9.0.dev0,16.9.0.dev0
<a href='https://hf.co/LiquidAI/LFM2-1.2B'>LiquidAI/LFM2-1.2B</a>,📝,4.38,1170340608.0,65536.0,128000.0,✗,✗,(✓),✓,0.35 ± 1.20 / 20.79 ± 2.59,19.02 ± 1.82 / 18.43 ± 1.60,-0.29 ± 1.51 / 37.14 ± 4.04,4.94 ± 0.39 / 0.02 ± 0.04,0.90 ± 0.77 / 25.34 ± 0.63,0.32 ± 1.76 / 49.95 ± 0.68,16.9.0.dev0,16.9.0.dev0,16.9.0.dev0,16.9.0.dev0,16.9.0.dev0,16.9.0.dev0
<a href='https://hf.co/LiquidAI/LFM2-700M'>LiquidAI/LFM2-700M</a>,📝,4.38,742489344.0,65536.0,128000.0,✗,✗,(✓),✓,7.25 ± 2.18 / 22.51 ± 3.65,12.37 ± 1.28 / 11.88 ± 1.06,-0.77 ± 1.61 / 36.61 ± 2.94,4.63 ± 0.31 / 0.04 ± 0.06,0.97 ± 0.95 / 25.37 ± 0.90,0.22 ± 1.43 / 49.14 ± 0.76,16.9.0.dev0,16.9.0.dev0,16.9.0.dev0,16.9.0.dev0,16.9.0.dev0,16.9.0.dev0
<a href='https://hf.co/LiquidAI/LFM2.5-1.2B-Thinking'>LiquidAI/LFM2.5-1.2B-Thinking</a>,🤔,4.41,1170340608.0,65536.0,128000.0,✗,✗,(✓),✓,6.43 ± 1.64 / 30.74 ± 2.92,4.69 ± 1.11 / 4.53 ± 1.07,0.98 ± 1.76 / 47.67 ± 1.52,1.13 ± 0.13 / 0.04 ± 0.06,4.86 ± 1.42 / 28.47 ± 1.07,1.65 ± 2.06 / 51.00 ± 0.94,16.10.1.dev0,16.10.1.dev0,16.10.1.dev0,16.10.1.dev0,16.10.1.dev0,16.10.1.dev0
<a href='https://hf.co/HuggingFaceTB/SmolLM2-360M'>HuggingFaceTB/SmolLM2-360M</a>,🧠,4.42,361821120.0,49152.0,8192.0,✓,✗,(✓),✓,-0.54 ± 0.90 / 19.01 ± 2.12,18.12 ± 1.51 / 18.42 ± 1.85,0.11 ± 0.78 / 36.51 ± 4.17,5.26 ± 0.85 / 2.09 ± 0.64,-0.32 ± 1.07 / 24.08 ± 0.60,-0.84 ± 1.10 / 49.06 ± 0.77,16.9.0.dev0,16.9.0.dev0,16.9.0.dev0,16.9.0.dev0,16.9.0.dev0,16.9.0.dev0
<a href='https://hf.co/tiiuae/Falcon-H1-Tiny-Multilingual-100M-Instruct'>tiiuae/Falcon-H1-Tiny-Multilingual-100M-Instruct</a>,📝,4.42,107908288.0,65536.0,262144.0,✓,✗,(✓),✓,1.51 ± 1.06 / 18.15 ± 1.45,14.18 ± 0.73 / 14.07 ± 0.67,0.82 ± 1.19 / 37.09 ± 3.18,3.25 ± 0.50 / 0.74 ± 0.34,-0.14 ± 0.61 / 24.10 ± 0.52,0.52 ± 1.01 / 49.17 ± 0.79,16.11.0.dev0,16.11.0.dev0,16.11.0.dev0,16.11.0.dev0,16.11.0.dev0,16.11.0.dev0
<a href='https://hf.co/LiquidAI/LFM2.5-1.2B-Instruct'>LiquidAI/LFM2.5-1.2B-Instruct</a>,📝,4.42,1170340608.0,65536.0,128000.0,✗,✗,(✓),✓,1.91 ± 1.55 / 21.75 ± 2.86,18.21 ± 1.89 / 16.14 ± 1.46,0.04 ± 1.17 / 35.31 ± 1.88,1.94 ± 0.33 / 0.06 ± 0.09,0.73 ± 1.38 / 25.01 ± 1.00,-0.14 ± 0.32 / 50.11 ± 0.93,16.10.1.dev0,16.10.1.dev0,16.10.1.dev0,16.10.1.dev0,16.10.1.dev0,16.10.1.dev0
<a href='https://hf.co/LiquidAI/LFM2-350M'>LiquidAI/LFM2-350M</a>,📝,4.43,354483968.0,65536.0,128000.0,✗,✗,(✓),✓,3.31 ± 1.57 / 27.13 ± 3.47,14.93 ± 1.96 / 14.64 ± 1.86,-0.28 ± 1.15 / 35.19 ± 2.02,1.99 ± 0.21 / 0.17 ± 0.17,-0.37 ± 0.49 / 24.36 ± 0.47,-0.93 ± 2.47 / 49.24 ± 0.95,16.9.0.dev0,16.9.0.dev0,16.9.0.dev0,16.9.0.dev0,16.9.0.dev0,16.9.0.dev0
<a href='https://hf.co/google/gemma-3-270m-it'>google/gemma-3-270m-it</a>,📝,4.44,268098176.0,262144.0,32768.0,✓,✗,(✓),✓,3.83 ± 2.99 / 24.27 ± 3.97,11.73 ± 4.29 / 12.83 ± 2.95,-0.39 ± 0.79 / 39.04 ± 3.76,3.53 ± 0.32 / 0.00 ± 0.00,0.46 ± 0.74 / 24.60 ± 0.74,-0.14 ± 0.93 / 49.84 ± 0.93,16.9.0.dev0,16.9.0.dev0,16.9.0.dev0,16.9.0.dev0,16.9.0.dev0,16.9.0.dev0
<a href='https://hf.co/HuggingFaceTB/SmolLM2-135M'>HuggingFaceTB/SmolLM2-135M</a>,🧠,4.46,134515008.0,49152.0,8192.0,✓,✗,(✓),✓,-0.02 ± 0.75 / 17.94 ± 0.80,15.07 ± 2.00 / 16.15 ± 1.76,0.04 ± 0.08 / 34.93 ± 3.06,2.71 ± 0.67 / 0.63 ± 0.36,0.55 ± 0.99 / 25.12 ± 0.69,-0.37 ± 0.62 / 49.10 ± 0.75,16.9.0.dev0,16.9.0.dev0,16.9.0.dev0,16.9.0.dev0,16.9.0.dev0,16.9.0.dev0
<a href='https://hf.co/HuggingFaceTB/SmolLM2-135M-Instruct'>HuggingFaceTB/SmolLM2-135M-Instruct</a>,📝,4.48,134515008.0,49152.0,8192.0,✓,✗,(✓),✓,0.63 ± 0.84 / 16.37 ± 0.34,15.00 ± 1.85 / 15.64 ± 1.78,-0.78 ± 1.83 / 36.60 ± 3.56,1.52 ± 0.20 / 0.02 ± 0.04,-1.10 ± 1.09 / 23.96 ± 0.85,-0.38 ± 1.42 / 49.43 ± 1.02,16.9.0.dev0,16.9.0.dev0,16.9.0.dev0,16.9.0.dev0,16.9.0.dev0,16.9.0.dev0
<a href='https://hf.co/AIDC-AI/Marco-Mini-Global-Base'>AIDC-AI/Marco-Mini-Global-Base (val)</a>,📝,4.48,17406164992.0,151936.0,32768.0,✓,✗,(✓),✓,1.93 ± 1.32 / 20.65 ± 1.11,9.01 ± 1.71 / 7.72 ± 1.47,0.21 ± 1.29 / 35.22 ± 1.54,0.42 ± 0.06 / 0.00 ± 0.00,1.37 ± 1.20 / 25.43 ± 2.21,0.00 ± 0.00 / 45.47 ± 4.31,17.1.0.dev0,17.1.0.dev0,17.1.0.dev0,17.1.0.dev0,17.1.0.dev0,17.1.0.dev0
<a href='https://hf.co/tiiuae/Falcon-H1-Tiny-Multilingual-100M-Base'>tiiuae/Falcon-H1-Tiny-Multilingual-100M-Base</a>,🧠,4.50,107908288.0,65536.0,262144.0,✓,✗,(✓),✓,0.21 ± 1.38 / 17.97 ± 1.49,10.32 ± 1.66 / 11.03 ± 1.44,0.04 ± 0.79 / 33.87 ± 0.58,3.20 ± 0.46 / 0.80 ± 0.42,-0.77 ± 0.92 / 24.97 ± 1.11,0.18 ± 1.31 / 49.05 ± 0.71,16.11.0.dev0,16.11.0.dev0,16.11.0.dev0,16.11.0.dev0,16.11.0.dev0,16.11.0.dev0
<a href='https://hf.co/PleIAs/Baguettotron'>PleIAs/Baguettotron@refs/pr/6#no-thinking</a>,📝,4.56,320956992.0,65536.0,4096.0,✓,✗,(✓),✓,1.77 ± 0.87 / 21.29 ± 2.60,0.72 ± 0.62 / 0.92 ± 0.60,1.50 ± 1.52 / 38.54 ± 3.69,1.40 ± 0.26 / 0.00 ± 0.00,0.79 ± 1.11 / 25.87 ± 0.69,-0.98 ± 1.93 / 48.69 ± 0.74,16.10.1.dev0,16.10.1.dev0,16.10.1.dev0,16.10.1.dev0,16.10.1.dev0,16.10.1.dev0
<a href='https://hf.co/PleIAs/Monad'>PleIAs/Monad</a>,🧠,4.59,56656128.0,8192.0,2048.0,✓,✗,(✓),✓,0.60 ± 1.03 / 22.42 ± 2.49,0.00 ± 0.00 / 0.00 ± 0.00,0.19 ± 0.38 / 33.36 ± 0.28,1.04 ± 0.16 / 0.00 ± 0.00,0.05 ± 0.74 / 24.58 ± 0.71,0.65 ± 1.26 / 49.82 ± 0.93,16.10.1.dev0,16.10.1.dev0,16.10.1.dev0,16.10.1.dev0,16.10.1.dev0,16.10.1.dev0
<a href='https://hf.co/EuroBERT/EuroBERT-610m'>EuroBERT/EuroBERT-610m</a>,🔍,-,755625600.0,128256.0,8192.0,✓,✗,(✓),✓,8.64 ± 2.65 / 35.42 ± 3.22,37.87 ± 6.56 / 37.78 ± 6.77,-0.12 ± 1.28 / 43.45 ± 4.45,19.54 ± 2.62 / 12.37 ± 2.29,-,-,16.9.0.dev0,16.9.0.dev0,16.9.0.dev0,16.9.0.dev0,-,-
<a href='https://hf.co/EuroBERT/EuroBERT-210m'>EuroBERT/EuroBERT-210m</a>,🔍,-,310266624.0,128256.0,8192.0,✓,✗,(✓),✓,11.82 ± 1.99 / 39.23 ± 1.76,38.93 ± 4.88 / 38.78 ± 5.26,0.76 ± 0.63 / 46.34 ± 2.62,13.19 ± 1.93 / 7.61 ± 1.43,-,-,16.9.0.dev0,16.9.0.dev0,16.9.0.dev0,16.9.0.dev0,-,-
<a href='https://hf.co/EuropeanParliament/EUBERT'>EuropeanParliament/EUBERT</a>,🔍,-,93990500.0,65636.0,512.0,✓,✗,(✓),✓,16.28 ± 1.34 / 43.30 ± 1.13,29.64 ± 2.34 / 28.73 ± 2.38,3.03 ± 1.92 / 50.63 ± 0.99,2.85 ± 1.16 / 1.57 ± 0.69,-,-,16.9.0.dev0,16.9.0.dev0,16.9.0.dev0,16.9.0.dev0,-,-
<a href='https://hf.co/FacebookAI/xlm-roberta-large'>FacebookAI/xlm-roberta-large</a>,🔍,-,561192082.0,250002.0,512.0,✓,✗,(✓),✓,33.73 ± 12.23 / 51.43 ± 11.80,80.11 ± 0.87 / 78.94 ± 0.92,26.17 ± 13.93 / 56.27 ± 10.24,27.18 ± 2.24 / 19.51 ± 1.87,-,-,16.7.1.dev0,16.7.1.dev0,16.7.1.dev0,16.7.1.dev0,-,-
<a href='https://hf.co/jhu-clsp/mmBERT-base'>jhu-clsp/mmBERT-base</a>,🔍,-,307537161.0,256000.0,8192.0,✓,✗,(✓),✓,31.77 ± 2.12 / 53.65 ± 1.66,70.93 ± 2.48 / 69.54 ± 2.37,41.80 ± 6.56 / 69.75 ± 3.90,26.22 ± 1.38 / 18.19 ± 1.07,-,-,16.7.1.dev0,16.7.1.dev0,16.7.1.dev0,16.7.1.dev0,-,-
<a href='https://hf.co/Geotrend/distilbert-base-25lang-cased'>Geotrend/distilbert-base-25lang-cased</a>,🔍,-,108867577.0,84985.0,512.0,✓,✗,(✓),✗,11.19 ± 3.16 / 38.62 ± 4.34,67.16 ± 1.08 / 67.18 ± 1.00,1.89 ± 1.92 / 43.04 ± 5.34,0.56 ± 0.50 / 0.31 ± 0.26,-,-,16.7.1.dev0,16.7.1.dev0,16.7.1.dev0,16.7.1.dev0,-,-
<a href='https://hf.co/jhu-clsp/mmBERT-small'>jhu-clsp/mmBERT-small</a>,🔍,-,140645001.0,256000.0,8192.0,✓,✗,(✓),✓,21.26 ± 2.84 / 45.53 ± 1.89,65.88 ± 1.93 / 64.83 ± 2.05,19.87 ± 6.66 / 59.06 ± 3.11,19.66 ± 1.59 / 13.58 ± 1.32,-,-,16.7.1.dev0,16.7.1.dev0,16.7.1.dev0,16.7.1.dev0,-,-
<a href='https://hf.co/answerdotai/ModernBERT-base'>answerdotai/ModernBERT-base</a>,🔍,-,149655232.0,50368.0,8192.0,✓,✗,(✓),✓,6.55 ± 1.61 / 36.45 ± 1.63,41.16 ± 2.61 / 41.53 ± 2.57,1.27 ± 1.88 / 46.06 ± 4.16,10.41 ± 1.01 / 4.24 ± 0.57,-,-,16.7.1.dev0,16.7.1.dev0,16.7.1.dev0,16.7.1.dev0,-,-
<a href='https://hf.co/intfloat/multilingual-e5-large'>intfloat/multilingual-e5-large</a>,🔍,-,559890946.0,250002.0,512.0,✓,✗,(✓),✗,47.14 ± 1.41 / 64.68 ± 1.03,74.74 ± 2.94 / 74.49 ± 2.70,5.52 ± 2.93 / 50.09 ± 2.12,25.37 ± 1.58 / 17.38 ± 1.62,-,-,16.7.1.dev0,16.7.1.dev0,16.7.1.dev0,16.7.1.dev0,-,-
<a href='https://hf.co/intfloat/multilingual-e5-base'>intfloat/multilingual-e5-base</a>,🔍,-,278044162.0,250002.0,512.0,✓,✗,(✓),✗,39.00 ± 0.98 / 58.52 ± 0.87,73.37 ± 2.44 / 73.53 ± 2.19,2.56 ± 1.72 / 49.30 ± 1.76,15.39 ± 1.38 / 9.75 ± 1.04,-,-,16.7.1.dev0,16.7.1.dev0,16.7.1.dev0,16.7.1.dev0,-,-
<a href='https://hf.co/google/rembert'>google/rembert</a>,🔍,-,574602505.0,250300.0,512.0,✓,✗,(✓),✓,16.75 ± 5.84 / 41.45 ± 6.62,71.00 ± 0.82 / 68.79 ± 0.65,31.50 ± 9.10 / 64.03 ± 6.78,30.23 ± 1.54 / 22.56 ± 1.59,-,-,16.7.1.dev0,16.7.1.dev0,16.7.1.dev0,16.7.1.dev0,-,-
<a href='https://hf.co/microsoft/mdeberta-v3-base'>microsoft/mdeberta-v3-base</a>,🔍,-,278225673.0,251000.0,512.0,✓,✗,(✓),✓,28.25 ± 8.31 / 48.88 ± 6.04,66.01 ± 3.72 / 66.15 ± 3.49,37.11 ± 9.42 / 63.76 ± 8.01,9.87 ± 1.86 / 6.03 ± 1.29,-,-,16.7.1.dev0,16.7.1.dev0,16.7.1.dev0,16.7.1.dev0,-,-
fresh-xlm-roberta-base,🔍,-,278885778.0,250002.0,512.0,✓,✗,✗,✓,2.37 ± 2.70 / 23.82 ± 4.86,0.57 ± 0.69 / 0.52 ± 0.64,0.17 ± 1.23 / 35.70 ± 3.69,0.00 ± 0.00 / 0.00 ± 0.00,-,-,16.7.1.dev0,16.7.1.dev0,16.7.1.dev0,16.7.1.dev0,-,-
fresh-electra-small,🔍,-,13738755.0,32000.0,128.0,✓,✗,✗,✓,1.14 ± 2.18 / 19.42 ± 4.30,1.10 ± 0.55 / 1.01 ± 0.50,-0.14 ± 0.18 / 33.55 ± 0.37,0.00 ± 0.00 / 0.00 ± 0.00,-,-,16.7.1.dev0,16.7.1.dev0,16.7.1.dev0,16.7.1.dev0,-,-
<a href='https://hf.co/setu4993/LaBSE'>setu4993/LaBSE</a>,🔍,-,470927360.0,501153.0,512.0,✓,✗,(✓),✗,43.26 ± 1.35 / 61.49 ± 1.29,78.85 ± 0.95 / 77.70 ± 0.90,22.73 ± 11.19 / 60.39 ± 5.24,25.01 ± 1.31 / 17.89 ± 1.18,-,-,16.7.1.dev0,16.7.1.dev0,16.7.1.dev0,16.7.1.dev0,-,-
<a href='https://hf.co/sentence-transformers/paraphrase-multilingual-MiniLM-L12-v2'>sentence-transformers/paraphrase-multilingual-MiniLM-L12-v2</a>,🔍,-,117654272.0,250037.0,512.0,✓,✗,(✓),✗,37.58 ± 1.10 / 57.04 ± 0.78,52.59 ± 1.21 / 52.69 ± 1.28,0.92 ± 1.05 / 49.35 ± 0.89,0.02 ± 0.04 / 0.00 ± 0.00,-,-,16.7.1.dev0,16.7.1.dev0,16.7.1.dev0,16.7.1.dev0,-,-
<a href='https://hf.co/answerdotai/ModernBERT-large'>answerdotai/ModernBERT-large</a>,🔍,-,395881664.0,50368.0,8192.0,✓,✗,(✓),✓,7.68 ± 2.17 / 36.43 ± 1.99,40.55 ± 2.28 / 40.82 ± 2.11,1.22 ± 1.26 / 46.78 ± 2.54,11.50 ± 1.44 / 5.75 ± 1.08,-,-,16.7.1.dev0,16.7.1.dev0,16.7.1.dev0,16.7.1.dev0,-,-
<a href='https://hf.co/AI-Sweden-Models/ModernBERT-large'>AI-Sweden-Models/ModernBERT-large</a>,🔍,-,395881664.0,50368.0,8192.0,✓,✗,(✓),✗,11.20 ± 2.68 / 38.84 ± 2.43,38.22 ± 2.87 / 38.39 ± 2.79,2.59 ± 2.46 / 48.61 ± 2.05,19.35 ± 1.82 / 12.71 ± 1.86,-,-,16.7.1.dev0,16.7.1.dev0,16.7.1.dev0,16.7.1.dev0,-,-
