<span style='font-size: 12px; font-weight: normal; opacity: 0.6;'>Task Type</span>,<span style='visibility: hidden;'>dummy</span>,,,,,,,,,<a id=10 href='https://euroeval.com/tasks/sentiment-classification/' style='font-size: 12px; font-weight: normal; color: Grey; text-decoration: underline;'>Sentiment classification</a>,<a id=11 href='https://euroeval.com/tasks/named-entity-recognition/' style='font-size: 12px; font-weight: normal; color: Grey; text-decoration: underline;'>Named entity recognition</a>,<a id=12 href='https://euroeval.com/tasks/linguistic-acceptability/' style='font-size: 12px; font-weight: normal; color: Grey; text-decoration: underline;'>Linguistic acceptability</a>,<a id=13 href='https://euroeval.com/tasks/reading-comprehension/' style='font-size: 12px; font-weight: normal; color: Grey; text-decoration: underline;'>Reading comprehension</a>,<span style='visibility: hidden;'>hidden</span>,,,
Model,Type,Rank,Parameters,Vocabulary,Context,Commercial,Merge,Open,Trained from scratch,<a href='https://euroeval.com/datasets/ukrainian#cross-domain-uk-reviews'>cross_domain_uk_reviews</a>,<a href='https://euroeval.com/datasets/ukrainian#ner-uk'>ner_uk</a>,<a href='https://euroeval.com/datasets/ukrainian#scala-uk'>scala_uk</a>,<a href='https://euroeval.com/datasets/ukrainian#multi-wiki-qa-uk'>multi_wiki_qa_uk</a>,cross_domain_uk_reviews_version,ner_uk_version,scala_uk_version,multi_wiki_qa_uk_version
<a href='https://hf.co/mistralai/Mistral-Small-3.2-24B-Instruct-2506'>mistralai/Mistral-Small-3.2-24B-Instruct-2506</a>,📝,1.34,24011361280.0,131072.0,8192.0,✓,✗,(✓),✓,61.25 ± 2.06 / 71.08 ± 2.66,67.02 ± 1.72 / 55.03 ± 2.93,43.24 ± 1.44 / 70.92 ± 1.01,69.59 ± 1.56 / 46.92 ± 0.65,16.4.0.dev0,16.4.0.dev0,16.4.0.dev0,16.4.0.dev0
<a href='https://hf.co/google/gemma-3-27b-pt'>google/gemma-3-27b-pt</a>,🧠,1.37,27432406640.0,262144.0,8192.0,✓,✗,(✓),✓,62.28 ± 2.49 / 69.05 ± 3.29,67.01 ± 2.69 / 62.07 ± 2.89,40.52 ± 1.98 / 69.25 ± 1.60,69.97 ± 1.81 / 47.13 ± 1.80,16.5.0.dev0,16.4.0.dev0,16.5.0.dev0,16.4.0.dev0
<a href='https://hf.co/deepcogito/cogito-v1-preview-qwen-32B'>deepcogito/cogito-v1-preview-qwen-32B</a>,📝,1.41,32759790592.0,151665.0,131072.0,✓,✗,(✓),✗,60.47 ± 1.70 / 71.33 ± 1.79,70.82 ± 1.24 / 56.92 ± 3.93,42.72 ± 1.85 / 70.54 ± 1.21,62.82 ± 1.57 / 36.61 ± 1.53,16.4.0.dev0,16.4.0.dev0,16.4.0.dev0,16.4.0.dev0
<a href='https://hf.co/mistralai/Voxtral-Small-24B-2507'>mistralai/Voxtral-Small-24B-2507</a>,📝,1.41,24261800960.0,131072.0,8192.0,✓,✗,(✓),✓,59.07 ± 2.26 / 67.13 ± 3.30,69.76 ± 1.63 / 63.06 ± 3.24,40.85 ± 1.95 / 69.14 ± 0.96,66.13 ± 2.70 / 45.10 ± 2.50,16.5.0.dev0,16.5.0.dev0,16.5.0.dev0,16.5.0.dev0
"<a href='https://platform.openai.com/docs/models/gpt-5.4-mini'>openai/gpt-5.4-mini-2026-03-17#medium (zero-shot, val)</a>",🤔,1.41,?,?,400000.0,✓,✗,✗,✓,58.67 ± 0.89 / 61.88 ± 0.77,81.93 ± 1.14 / 71.84 ± 1.47,38.89 ± 1.98 / 65.83 ± 1.03,59.08 ± 0.38 / 31.92 ± 0.43,17.0.0.dev0,17.0.0.dev0,17.0.0.dev0,17.0.0.dev0
<a href='https://hf.co/google/gemma-4-31B-it'>google/gemma-4-31B-it (val)</a>,📝,1.42,31273088876.0,262144.0,8192.0,✓,✗,(✓),✓,61.11 ± 1.01 / 67.66 ± 0.85,76.41 ± 1.97 / 71.52 ± 1.89,37.84 ± 1.83 / 67.58 ± 1.15,62.60 ± 0.73 / 34.33 ± 0.72,17.1.0.dev0,17.1.0.dev0,17.1.0.dev0,17.1.0.dev0
"<a href='https://ai.google.dev/gemini-api/docs/models#gemini-3.1-flash-lite-preview'>gemini/gemini-3.1-flash-lite-preview (zero-shot, val)</a>",🤔,1.42,?,256128.0,1048576.0,✓,✗,✗,✓,59.49 ± 0.77 / 64.30 ± 0.59,67.18 ± 1.49 / 49.30 ± 1.05,52.39 ± 0.76 / 76.12 ± 0.37,54.68 ± 0.49 / 26.24 ± 0.56,16.17.0.dev0,16.17.0.dev0,16.17.0.dev0,16.17.0.dev0
"<a href='https://ai.google.dev/gemini-api/docs/models#gemini-3-pro-preview'>gemini/gemini-3-pro-preview (zero-shot, val)</a>",🤔,1.43,?,256128.0,1048576.0,✓,✗,✗,✓,63.25 ± 1.59 / 66.92 ± 1.45,70.98 ± 2.65 / 60.99 ± 2.00,45.30 ± 2.28 / 72.54 ± 1.14,56.04 ± 0.86 / 29.55 ± 1.10,16.7.1.dev0,16.7.1.dev0,16.7.1.dev0,16.7.1.dev0
"<a href='https://platform.openai.com/docs/models/gpt-5.4-mini'>openai/gpt-5.4-mini-2026-03-17#high (zero-shot, val)</a>",🤔,1.44,?,?,400000.0,✓,✗,✗,✓,58.94 ± 0.85 / 60.66 ± 0.62,83.05 ± 1.29 / 72.74 ± 1.82,38.46 ± 1.56 / 67.26 ± 0.77,56.51 ± 0.36 / 29.14 ± 0.50,17.0.0.dev0,17.0.0.dev0,17.0.0.dev0,17.0.0.dev0
<a href='https://hf.co/mistralai/Mistral-Small-3.1-24B-Instruct-2503'>mistralai/Mistral-Small-3.1-24B-Instruct-2503</a>,📝,1.45,24011361280.0,131072.0,8192.0,✓,✗,(✓),✓,60.78 ± 2.19 / 70.50 ± 2.73,64.92 ± 1.64 / 54.65 ± 3.20,45.24 ± 2.17 / 72.38 ± 1.11,64.58 ± 1.79 / 39.10 ± 1.66,16.4.0.dev0,16.4.0.dev0,16.4.0.dev0,16.4.0.dev0
<a href='https://hf.co/mistralai/Ministral-3-14B-Reasoning-2512'>mistralai/Ministral-3-14B-Reasoning-2512 (val)</a>,📝,1.45,13945031680.0,131072.0,8192.0,✓,✗,(✓),✓,59.16 ± 1.07 / 70.30 ± 0.91,62.86 ± 2.01 / 57.61 ± 3.02,41.67 ± 1.89 / 69.19 ± 1.16,71.57 ± 1.17 / 50.13 ± 1.31,17.0.0.dev0,17.0.0.dev0,17.0.0.dev0,17.0.0.dev0
"<a href='https://ai.google.dev/gemini-api/docs/models#gemini-2.5-flash'>gemini/gemini-2.5-flash#thinking (zero-shot, val)</a>",🤔,1.45,?,256128.0,1048576.0,✓,✗,✗,✓,58.30 ± 1.82 / 60.01 ± 1.41,67.97 ± 3.32 / 50.23 ± 2.67,46.76 ± 4.74 / 73.33 ± 2.40,59.37 ± 1.15 / 34.14 ± 1.04,16.4.0.dev0,16.4.0.dev0,16.4.0.dev0,16.4.0.dev0
"<a href='https://platform.openai.com/docs/models/gpt-5'>gpt-5-2025-08-07 (zero-shot, val)</a>",🤔,1.46,?,100256.0,272000.0,✓,✗,✗,✓,59.50 ± 1.67 / 61.09 ± 1.38,81.68 ± 1.59 / 67.96 ± 1.85,39.42 ± 3.88 / 68.79 ± 2.05,53.73 ± 0.85 / 30.01 ± 1.05,16.4.0.dev0,16.4.0.dev0,16.4.0.dev0,16.4.0.dev0
<a href='https://hf.co/Qwen/Qwen3.5-9B-Base'>Qwen/Qwen3.5-9B-Base (val)</a>,🧠,1.47,9653100528.0,248044.0,8192.0,✓,✗,(✓),✓,58.71 ± 1.49 / 62.97 ± 1.43,66.71 ± 1.97 / 61.70 ± 2.32,37.23 ± 1.91 / 68.03 ± 1.14,70.00 ± 1.03 / 46.58 ± 0.94,17.1.0.dev0,17.1.0.dev0,17.1.0.dev0,17.1.0.dev0
"<a href='https://platform.openai.com/docs/models/gpt-5.4-mini'>openai/gpt-5.4-mini-2026-03-17#low (zero-shot, val)</a>",🤔,1.47,?,?,400000.0,✓,✗,✗,✓,57.83 ± 0.87 / 59.85 ± 0.74,71.86 ± 1.83 / 60.08 ± 1.94,42.52 ± 1.12 / 67.05 ± 0.64,58.77 ± 0.40 / 30.65 ± 0.60,17.0.0.dev0,17.0.0.dev0,17.0.0.dev0,17.0.0.dev0
<a href='https://hf.co/mistralai/Mistral-Small-3.1-24B-Base-2503'>mistralai/Mistral-Small-3.1-24B-Base-2503</a>,🧠,1.48,24011361280.0,131072.0,8192.0,✓,✗,(✓),✓,59.43 ± 2.96 / 65.84 ± 4.40,69.68 ± 1.71 / 64.16 ± 2.96,34.34 ± 4.66 / 64.21 ± 3.81,70.38 ± 2.81 / 49.68 ± 2.70,16.5.0.dev0,16.4.0.dev0,16.5.0.dev0,16.4.0.dev0
"<a href='https://docs.anthropic.com/en/docs/about-claude'>claude-sonnet-4-5-20250929#thinking (zero-shot, val)</a>",🤔,1.50,?,?,200000.0,✓,✗,✗,✓,61.09 ± 2.18 / 64.48 ± 1.84,80.64 ± 1.84 / 75.40 ± 2.30,32.84 ± 4.17 / 63.58 ± 2.06,58.88 ± 0.84 / 32.63 ± 1.02,16.4.0.dev0,16.4.0.dev0,16.4.0.dev0,16.4.0.dev0
<a href='https://hf.co/mistralai/Ministral-3-14B-Base-2512'>mistralai/Ministral-3-14B-Base-2512 (val)</a>,🧠,1.51,13945031680.0,131072.0,8192.0,✓,✗,(✓),✓,58.78 ± 1.01 / 62.29 ± 1.06,67.26 ± 2.21 / 64.78 ± 2.31,35.49 ± 1.93 / 65.03 ± 1.18,70.47 ± 1.76 / 50.63 ± 1.71,17.0.0.dev0,17.0.0.dev0,17.0.0.dev0,17.0.0.dev0
"<a href='https://ai.google.dev/gemini-api/docs/models#gemini-2.5-flash-lite'>gemini/gemini-2.5-flash-lite#thinking (zero-shot, val)</a>",🤔,1.51,?,256128.0,1048576.0,✓,✗,✗,✓,58.43 ± 1.92 / 61.68 ± 1.49,66.90 ± 3.46 / 48.67 ± 2.52,45.21 ± 2.96 / 72.35 ± 1.52,57.80 ± 0.86 / 31.15 ± 0.89,16.4.0.dev0,16.4.0.dev0,16.4.0.dev0,16.4.0.dev0
<a href='https://hf.co/meta-llama/Llama-3.1-70B'>meta-llama/Llama-3.1-70B</a>,🧠,1.52,70553706496.0,128256.0,131072.0,✓,✗,(✓),✓,56.21 ± 1.31 / 59.51 ± 2.51,70.25 ± 1.91 / 65.22 ± 3.19,35.95 ± 3.40 / 65.28 ± 3.61,68.94 ± 1.84 / 46.42 ± 2.16,16.5.0.dev0,16.4.0.dev0,16.5.0.dev0,16.4.0.dev0
<a href='https://hf.co/meta-llama/Llama-3.3-70B-Instruct'>meta-llama/Llama-3.3-70B-Instruct</a>,📝,1.52,70553706496.0,128256.0,131072.0,✓,✗,(✓),✓,63.50 ± 1.28 / 72.81 ± 1.34,71.16 ± 1.24 / 56.81 ± 2.73,41.33 ± 1.60 / 69.75 ± 1.26,52.92 ± 1.46 / 24.71 ± 1.44,16.4.0.dev0,16.4.0.dev0,16.4.0.dev0,16.4.0.dev0
<a href='https://hf.co/Qwen/Qwen2.5-72B-Instruct'>Qwen/Qwen2.5-72B-Instruct</a>,📝,1.55,72706203648.0,152064.0,32768.0,✓,✗,(✓),✓,63.38 ± 1.60 / 74.64 ± 1.71,55.64 ± 1.74 / 40.75 ± 3.07,44.58 ± 1.39 / 72.10 ± 0.79,62.75 ± 1.62 / 35.25 ± 1.85,16.4.0.dev0,16.4.0.dev0,16.4.0.dev0,16.4.0.dev0
<a href='https://hf.co/google/gemma-4-26B-A4B-it'>google/gemma-4-26B-A4B-it (val)</a>,📝,1.55,25805936206.0,262144.0,8192.0,✓,✗,(✓),✓,60.63 ± 1.28 / 68.47 ± 0.93,73.19 ± 1.92 / 71.87 ± 1.91,34.38 ± 1.33 / 64.64 ± 0.94,58.85 ± 0.33 / 31.63 ± 0.65,17.1.0.dev0,17.1.0.dev0,17.1.0.dev0,17.1.0.dev0
"<a href='https://ai.google.dev/gemini-api/docs/models#gemini-2.5-flash'>gemini/gemini-2.5-flash#no-thinking (zero-shot, val)</a>",📝,1.56,?,256128.0,1048576.0,✓,✗,✗,✓,58.00 ± 1.67 / 61.15 ± 1.52,66.80 ± 2.99 / 45.24 ± 1.59,42.24 ± 4.29 / 69.93 ± 2.21,55.49 ± 1.16 / 33.12 ± 1.04,16.4.0.dev0,16.4.0.dev0,16.4.0.dev0,16.4.0.dev0
"<a href='https://docs.anthropic.com/en/docs/about-claude'>claude-sonnet-4-6 (zero-shot, val)</a>",🤔,1.56,?,?,?,✓,✗,✗,✓,60.54 ± 0.97 / 66.31 ± 0.75,65.14 ± 1.42 / 56.59 ± 1.59,43.79 ± 1.48 / 71.39 ± 0.73,55.55 ± 0.40 / 27.88 ± 0.58,16.17.0.dev0,16.17.0.dev0,16.17.0.dev0,16.17.0.dev0
"<a href='https://platform.openai.com/docs/models/gpt-5.2'>gpt-5.2-2025-12-11 (zero-shot, val)</a>",🤔,1.56,?,?,?,✓,✗,✗,✓,55.43 ± 2.47 / 60.05 ± 1.96,61.53 ± 3.54 / 48.37 ± 2.17,45.83 ± 2.63 / 69.71 ± 1.59,59.40 ± 1.16 / 30.72 ± 1.09,16.8.0.dev0,16.8.0.dev0,16.8.0.dev0,16.8.0.dev0
<a href='https://hf.co/deepcogito/cogito-v1-preview-llama-70B'>deepcogito/cogito-v1-preview-llama-70B</a>,📝,1.57,70553706496.0,128256.0,131072.0,✓,✗,(✓),✗,62.26 ± 1.54 / 71.78 ± 1.63,67.71 ± 1.52 / 53.69 ± 3.34,39.59 ± 1.19 / 68.76 ± 0.97,56.90 ± 1.03 / 28.92 ± 1.22,16.4.0.dev0,16.4.0.dev0,16.4.0.dev0,16.4.0.dev0
"<a href='https://ai.google.dev/gemini-api/docs/models#gemini-2.5-pro'>gemini/gemini-2.5-pro (zero-shot, val)</a>",🤔,1.57,?,256128.0,1048576.0,✓,✗,✗,✓,60.34 ± 1.72 / 65.55 ± 1.27,75.70 ± 0.94 / 58.19 ± 1.47,35.92 ± 3.80 / 67.89 ± 1.92,52.94 ± 0.86 / 23.60 ± 0.74,16.4.0.dev0,16.4.0.dev0,16.4.0.dev0,16.4.0.dev0
"<a href='https://platform.openai.com/docs/models/gpt-5.4-mini'>openai/gpt-5.4-mini-2026-03-17#none (zero-shot, val)</a>",🤔,1.57,?,?,400000.0,✓,✗,✗,✓,60.30 ± 0.67 / 65.47 ± 0.58,55.20 ± 1.43 / 29.01 ± 1.03,48.91 ± 1.51 / 73.09 ± 0.75,60.19 ± 0.32 / 34.28 ± 0.45,17.0.0.dev0,17.0.0.dev0,17.0.0.dev0,17.0.0.dev0
"<a href='https://docs.x.ai/docs/models'>xai/grok-4-1-fast-reasoning (zero-shot, val)</a>",🤔,1.58,?,?,131072.0,✓,✗,✗,✓,61.12 ± 0.88 / 64.32 ± 0.62,68.85 ± 1.17 / 59.76 ± 1.52,37.63 ± 1.36 / 65.90 ± 0.59,57.15 ± 0.31 / 33.47 ± 0.41,16.17.0.dev0,16.17.0.dev0,16.17.0.dev0,16.17.0.dev0
"<a href='https://platform.openai.com/docs/models/gpt-5-nano'>gpt-5-nano-2025-08-07 (zero-shot, val)</a>",🤔,1.59,?,100256.0,272000.0,✓,✗,✗,✓,55.68 ± 1.68 / 60.84 ± 1.21,72.35 ± 3.15 / 64.44 ± 3.40,38.28 ± 4.16 / 68.16 ± 2.13,57.88 ± 1.13 / 28.86 ± 1.81,16.4.0.dev0,16.4.0.dev0,16.4.0.dev0,16.4.0.dev0
<a href='https://hf.co/Qwen/Qwen3-32B'>Qwen/Qwen3-32B#no-thinking</a>,📝,1.59,32762123264.0,151936.0,40960.0,✓,✗,✗,✓,60.58 ± 1.47 / 71.90 ± 1.52,57.57 ± 2.22 / 50.52 ± 2.75,41.23 ± 1.34 / 69.06 ± 0.95,64.15 ± 1.15 / 37.96 ± 1.45,16.5.0.dev0,16.5.0.dev0,16.5.0.dev0,16.5.0.dev0
<a href='https://hf.co/google/gemma-3-27b-it'>google/gemma-3-27b-it</a>,📝,1.60,27432406640.0,262144.0,8192.0,✓,✗,(✓),✓,62.10 ± 1.65 / 72.62 ± 1.80,58.70 ± 1.66 / 50.41 ± 2.41,40.29 ± 2.31 / 68.23 ± 1.63,58.39 ± 1.12 / 30.82 ± 1.22,16.4.0.dev0,16.4.0.dev0,16.4.0.dev0,16.4.0.dev0
<a href='https://hf.co/mistralai/Ministral-3-14B-Instruct-2512'>mistralai/Ministral-3-14B-Instruct-2512 (val)</a>,📝,1.62,12163481600.0,131072.0,8192.0,✓,✗,(✓),✓,59.77 ± 1.53 / 71.22 ± 1.32,52.50 ± 2.43 / 39.79 ± 2.27,43.85 ± 1.55 / 70.38 ± 0.84,63.85 ± 0.89 / 41.48 ± 1.08,17.0.0.dev0,17.0.0.dev0,17.0.0.dev0,17.0.0.dev0
<a href='https://hf.co/deepcogito/cogito-v2-preview-llama-70B'>deepcogito/cogito-v2-preview-llama-70B</a>,📝,1.64,70553706496.0,128256.0,131072.0,✓,✗,(✓),✗,63.02 ± 2.03 / 73.48 ± 2.08,68.71 ± 1.40 / 56.45 ± 3.48,34.65 ± 1.99 / 64.04 ± 2.14,56.58 ± 1.09 / 27.69 ± 1.04,16.4.0.dev0,16.4.0.dev0,16.4.0.dev0,16.4.0.dev0
<a href='https://hf.co/mistralai/Ministral-3-8B-Instruct-2512'>mistralai/Ministral-3-8B-Instruct-2512 (val)</a>,📝,1.64,7415529472.0,131072.0,8192.0,✓,✗,(✓),✓,59.59 ± 1.51 / 71.92 ± 1.16,60.34 ± 1.84 / 42.28 ± 2.17,38.64 ± 1.99 / 67.86 ± 1.05,61.13 ± 0.81 / 39.46 ± 0.99,17.0.0.dev0,17.0.0.dev0,17.0.0.dev0,17.0.0.dev0
<a href='https://hf.co/google/gemma-3-12b-it'>google/gemma-3-12b-it</a>,📝,1.65,12187325040.0,262144.0,8192.0,✓,✗,(✓),✓,63.71 ± 1.91 / 74.85 ± 1.92,60.84 ± 2.53 / 40.13 ± 2.71,38.12 ± 2.28 / 67.57 ± 1.65,56.96 ± 0.75 / 30.17 ± 1.33,16.4.0.dev0,16.4.0.dev0,16.4.0.dev0,16.4.0.dev0
"<a href='https://ai.google.dev/gemini-api/docs/models#gemini-3-flash-preview'>gemini/gemini-3-flash-preview#no-thinking (zero-shot, val)</a>",📝,1.66,?,256128.0,1048576.0,✓,✗,✗,✓,60.56 ± 1.48 / 65.57 ± 1.13,70.20 ± 1.73 / 56.13 ± 1.91,33.40 ± 2.41 / 63.99 ± 1.33,53.66 ± 0.97 / 24.11 ± 0.63,16.9.0.dev0,16.9.0.dev0,16.9.0.dev0,16.9.0.dev0
<a href='https://hf.co/Qwen/Qwen3.5-35B-A3B-Base'>Qwen/Qwen3.5-35B-A3B-Base (val)</a>,🤔,1.67,35951817904.0,248044.0,8192.0,✓,✗,(✓),✓,58.61 ± 1.22 / 66.86 ± 0.89,72.38 ± 1.23 / 68.36 ± 1.24,30.38 ± 1.43 / 56.41 ± 1.60,58.59 ± 0.58 / 33.86 ± 0.71,17.1.0.dev0,17.1.0.dev0,17.1.0.dev0,17.1.0.dev0
<a href='https://hf.co/Qwen/Qwen3-14B'>Qwen/Qwen3-14B#no-thinking</a>,📝,1.67,14768307200.0,151936.0,40960.0,✓,✗,✗,✓,61.67 ± 1.18 / 72.50 ± 1.41,54.61 ± 1.99 / 42.62 ± 2.66,35.49 ± 1.66 / 63.74 ± 1.28,67.41 ± 0.91 / 41.79 ± 1.15,16.4.0.dev0,16.4.0.dev0,16.4.0.dev0,16.4.0.dev0
<a href='https://hf.co/Unbabel/Tower-Plus-72B'>Unbabel/Tower-Plus-72B (val)</a>,📝,1.68,72706203648.0,152064.0,32768.0,✗,✗,(✓),✗,61.29 ± 3.01 / 72.88 ± 2.35,51.30 ± 3.67 / 43.85 ± 4.11,41.53 ± 3.99 / 70.02 ± 2.23,62.54 ± 1.93 / 38.34 ± 2.33,16.16.1.dev0,16.16.1.dev0,16.16.1.dev0,16.16.1.dev0
<a href='https://hf.co/google/gemma-3-12b-pt'>google/gemma-3-12b-pt</a>,🧠,1.71,12187325040.0,262144.0,8192.0,✓,✗,(✓),✓,65.19 ± 1.68 / 73.59 ± 2.23,55.61 ± 1.76 / 42.60 ± 4.36,29.43 ± 3.12 / 61.19 ± 2.69,67.10 ± 3.09 / 47.42 ± 2.95,16.5.0.dev0,16.4.0.dev0,16.5.0.dev0,16.4.0.dev0
<a href='https://hf.co/Qwen/Qwen3-4B-Thinking-2507'>Qwen/Qwen3-4B-Thinking-2507</a>,🤔,1.71,4022468096.0,151936.0,262144.0,✓,✗,✗,✓,54.28 ± 1.38 / 60.19 ± 1.71,79.05 ± 1.11 / 73.10 ± 1.99,29.12 ± 2.54 / 58.23 ± 2.54,53.45 ± 1.28 / 30.89 ± 2.35,16.14.0.dev0,16.14.0.dev0,16.14.0.dev0,16.14.0.dev0
<a href='https://hf.co/mistralai/Ministral-3-8B-Base-2512'>mistralai/Ministral-3-8B-Base-2512 (val)</a>,🧠,1.72,8918026240.0,131072.0,8192.0,✓,✗,(✓),✓,57.41 ± 0.90 / 58.68 ± 1.10,65.32 ± 2.10 / 62.19 ± 2.49,30.29 ± 2.90 / 57.52 ± 2.52,64.85 ± 1.70 / 43.51 ± 1.64,17.0.0.dev0,17.0.0.dev0,17.0.0.dev0,17.0.0.dev0
<a href='https://hf.co/Qwen/Qwen3-8B'>Qwen/Qwen3-8B#no-thinking</a>,📝,1.74,8190735360.0,151936.0,40960.0,✓,✗,✗,✓,62.26 ± 1.37 / 73.58 ± 1.41,54.36 ± 1.68 / 46.97 ± 2.48,35.13 ± 1.23 / 65.42 ± 0.87,61.50 ± 0.95 / 36.62 ± 1.83,16.4.0.dev0,16.4.0.dev0,16.4.0.dev0,16.4.0.dev0
"<a href='https://ai.google.dev/gemini-api/docs/models#gemini-3-flash-preview'>gemini/gemini-3-flash-preview#thinking (zero-shot, val)</a>",🤔,1.75,?,256128.0,1048576.0,✓,✗,✗,✓,59.82 ± 1.62 / 65.90 ± 1.07,63.86 ± 3.09 / 51.72 ± 2.37,35.22 ± 2.04 / 67.45 ± 1.02,53.66 ± 0.97 / 24.11 ± 0.63,16.9.0.dev0,16.9.0.dev0,16.9.0.dev0,16.9.0.dev0
<a href='https://hf.co/deepcogito/cogito-v1-preview-qwen-14B'>deepcogito/cogito-v1-preview-qwen-14B</a>,📝,1.76,14765947904.0,151665.0,131072.0,✓,✗,(✓),✗,55.05 ± 0.89 / 62.43 ± 1.46,59.57 ± 1.28 / 50.61 ± 2.62,38.20 ± 0.99 / 68.94 ± 0.46,57.67 ± 1.14 / 30.30 ± 1.58,16.4.0.dev0,16.4.0.dev0,16.4.0.dev0,16.4.0.dev0
<a href='https://hf.co/swiss-ai/Apertus-70B-2509'>swiss-ai/Apertus-70B-2509</a>,🧠,1.77,70599864480.0,131072.0,65536.0,✓,✗,(✓),✗,64.95 ± 0.96 / 74.82 ± 1.16,47.61 ± 2.34 / 40.67 ± 3.64,33.48 ± 4.50 / 64.57 ± 4.75,64.00 ± 1.14 / 41.73 ± 1.41,16.10.1.dev0,16.10.1.dev0,16.10.1.dev0,16.10.1.dev0
"<a href='https://platform.openai.com/docs/models/gpt-5-mini'>gpt-5-mini-2025-08-07 (zero-shot, val)</a>",🤔,1.77,?,100256.0,272000.0,✓,✗,✗,✓,60.74 ± 1.63 / 62.72 ± 1.24,63.16 ± 2.91 / 46.19 ± 2.38,32.73 ± 3.96 / 64.63 ± 2.19,54.13 ± 0.82 / 29.44 ± 1.09,16.4.0.dev0,16.4.0.dev0,16.4.0.dev0,16.4.0.dev0
<a href='https://hf.co/Qwen/Qwen3-30B-A3B-Instruct-2507'>Qwen/Qwen3-30B-A3B-Instruct-2507</a>,📝,1.78,30532122624.0,151936.0,262144.0,✓,✗,✗,✓,61.24 ± 1.87 / 72.06 ± 2.13,53.84 ± 2.31 / 40.27 ± 3.30,37.65 ± 1.89 / 66.85 ± 1.32,55.83 ± 1.00 / 28.38 ± 0.78,16.4.0.dev0,16.4.0.dev0,16.4.0.dev0,16.4.0.dev0
<a href='https://hf.co/Qwen/Qwen3.5-4B-Base'>Qwen/Qwen3.5-4B-Base (val)</a>,🧠,1.79,4659861248.0,248044.0,8192.0,✓,✗,(✓),✓,56.22 ± 0.99 / 62.59 ± 0.97,61.71 ± 1.82 / 55.98 ± 1.83,24.50 ± 4.23 / 51.88 ± 3.80,66.61 ± 1.21 / 45.52 ± 1.16,17.1.0.dev0,17.1.0.dev0,17.1.0.dev0,17.1.0.dev0
<a href='https://hf.co/openai/gpt-oss-20b'>openai/gpt-oss-20b#medium</a>,🤔,1.82,21511953984.0,201088.0,131072.0,✓,✗,✗,✓,53.52 ± 0.99 / 60.12 ± 0.97,68.19 ± 0.98 / 61.17 ± 2.06,33.11 ± 1.33 / 62.84 ± 0.65,54.60 ± 0.72 / 27.33 ± 0.85,16.12.0.dev0,16.12.0.dev0,16.12.0.dev0,16.12.0.dev0
"<a href='https://platform.openai.com/docs/models/gpt-4.1-mini'>gpt-4.1-mini-2025-04-14 (zero-shot, val)</a>",📝,1.82,?,?,1047576.0,✓,✗,✗,✓,59.68 ± 2.27 / 68.36 ± 1.65,47.48 ± 2.41 / 25.97 ± 1.60,40.22 ± 4.99 / 69.42 ± 2.60,56.55 ± 0.98 / 28.28 ± 0.83,16.4.0.dev0,16.4.0.dev0,16.4.0.dev0,16.4.0.dev0
<a href='https://hf.co/mii-llm/nesso-4B'>mii-llm/nesso-4B</a>,📝,1.86,4022468096.0,151936.0,262144.0,✗,✗,(✓),✗,59.52 ± 0.90 / 69.67 ± 1.26,56.24 ± 1.39 / 41.93 ± 3.05,26.64 ± 1.70 / 63.12 ± 0.90,60.95 ± 1.89 / 36.60 ± 1.97,16.11.0.dev0,16.11.0.dev0,16.11.0.dev0,16.11.0.dev0
"<a href='https://docs.anthropic.com/en/docs/about-claude'>claude-haiku-4-5-20251001 (zero-shot, val)</a>",🤔,1.87,?,?,200000.0,✓,✗,✗,✓,61.41 ± 1.65 / 65.06 ± 1.52,52.57 ± 2.67 / 34.29 ± 2.53,33.09 ± 3.82 / 61.22 ± 2.33,58.87 ± 0.95 / 27.39 ± 1.14,16.4.0.dev0,16.4.0.dev0,16.4.0.dev0,16.4.0.dev0
"<a href='https://ai.google.dev/gemini-api/docs/models#gemini-2.5-flash-lite'>gemini/gemini-2.5-flash-lite#no-thinking (zero-shot, val)</a>",📝,1.88,?,256128.0,1048576.0,✓,✗,✗,✓,59.54 ± 1.99 / 65.55 ± 1.49,39.87 ± 1.85 / 19.42 ± 0.86,42.26 ± 4.54 / 70.45 ± 2.40,55.36 ± 0.94 / 26.80 ± 0.97,16.4.0.dev0,16.4.0.dev0,16.4.0.dev0,16.4.0.dev0
<a href='https://hf.co/ibm-granite/granite-4.0-h-small'>ibm-granite/granite-4.0-h-small</a>,📝,1.88,32207337984.0,100352.0,131072.0,✓,✗,(✓),✗,57.29 ± 1.34 / 65.73 ± 1.28,59.54 ± 0.90 / 51.25 ± 2.79,27.11 ± 2.06 / 62.32 ± 2.05,59.03 ± 1.38 / 38.41 ± 1.11,16.8.0.dev0,16.8.0.dev0,16.8.0.dev0,16.8.0.dev0
"<a href='https://platform.openai.com/docs/models/gpt-5.4-nano'>openai/gpt-5.4-nano-2026-03-17#high (zero-shot, val)</a>",🤔,1.88,?,?,400000.0,✓,✗,✗,✓,53.90 ± 0.89 / 58.51 ± 0.48,52.86 ± 1.00 / 39.25 ± 1.32,38.75 ± 1.12 / 64.73 ± 0.67,55.78 ± 0.56 / 27.45 ± 0.62,17.0.0.dev0,17.0.0.dev0,17.0.0.dev0,17.0.0.dev0
<a href='https://hf.co/google/gemma-4-E4B-it'>google/gemma-4-E4B-it (val)</a>,📝,1.89,7996157418.0,262144.0,8192.0,✓,✗,(✓),✓,60.55 ± 1.22 / 71.58 ± 0.71,52.72 ± 1.94 / 46.64 ± 1.89,29.76 ± 1.70 / 64.20 ± 0.69,59.67 ± 0.71 / 31.56 ± 0.72,17.1.0.dev0,17.1.0.dev0,17.1.0.dev0,17.1.0.dev0
<a href='https://hf.co/openai/gpt-oss-20b'>openai/gpt-oss-20b#low</a>,🤔,1.89,21511953984.0,201088.0,131072.0,✓,✗,✗,✓,51.16 ± 1.49 / 62.92 ± 0.83,65.39 ± 2.04 / 60.08 ± 2.44,31.33 ± 1.58 / 62.41 ± 0.79,54.10 ± 0.84 / 25.09 ± 1.02,16.11.0.dev0,16.11.0.dev0,16.11.0.dev0,16.11.0.dev0
"<a href='https://platform.openai.com/docs/models/gpt-5.4-nano'>openai/gpt-5.4-nano-2026-03-17#medium (zero-shot, val)</a>",🤔,1.91,?,?,400000.0,✓,✗,✗,✓,54.41 ± 0.79 / 58.04 ± 0.63,52.23 ± 1.19 / 40.45 ± 1.41,38.37 ± 1.66 / 65.08 ± 0.90,53.65 ± 0.65 / 24.96 ± 0.67,17.0.0.dev0,17.0.0.dev0,17.0.0.dev0,17.0.0.dev0
"<a href='https://platform.openai.com/docs/models/gpt-4.1'>gpt-4.1-2025-04-14 (zero-shot, val)</a>",📝,1.91,?,?,1047576.0,✓,✗,✗,✓,59.62 ± 1.84 / 65.29 ± 1.23,47.78 ± 2.21 / 31.41 ± 1.73,37.49 ± 3.93 / 68.56 ± 2.07,54.54 ± 0.85 / 24.97 ± 1.12,16.4.0.dev0,16.4.0.dev0,16.4.0.dev0,16.4.0.dev0
<a href='https://hf.co/utter-project/EuroLLM-22B-2512'>utter-project/EuroLLM-22B-2512</a>,🧠,1.91,22637328384.0,128000.0,32768.0,✓,✗,(✓),✓,56.50 ± 1.68 / 59.60 ± 3.01,50.90 ± 2.16 / 38.11 ± 4.25,29.33 ± 5.08 / 60.45 ± 6.18,63.09 ± 1.93 / 42.01 ± 1.85,16.8.0.dev0,16.8.0.dev0,16.8.0.dev0,16.8.0.dev0
<a href='https://hf.co/Unbabel/Tower-Plus-9B'>Unbabel/Tower-Plus-9B (val)</a>,📝,1.91,9241705984.0,256000.0,8192.0,✗,✗,(✓),✗,60.88 ± 2.48 / 71.30 ± 1.96,42.98 ± 2.33 / 30.93 ± 2.49,33.59 ± 4.42 / 66.06 ± 2.43,61.72 ± 1.55 / 36.71 ± 1.55,16.16.1.dev0,16.16.1.dev0,16.16.1.dev0,16.16.1.dev0
<a href='https://hf.co/nvidia/NVIDIA-Nemotron-3-Nano-30B-A3B-BF16'>nvidia/NVIDIA-Nemotron-3-Nano-30B-A3B-BF16 (val)</a>,🤔,1.92,31577934400.0,131072.0,262144.0,✓,✗,✗,✓,53.04 ± 1.57 / 65.10 ± 1.13,62.65 ± 3.71 / 59.37 ± 3.45,30.44 ± 2.07 / 57.77 ± 1.21,51.09 ± 0.82 / 27.64 ± 0.94,17.1.0.dev0,17.1.0.dev0,17.1.0.dev0,17.1.0.dev0
<a href='https://hf.co/speakleash/Bielik-11B-v3-Base-20250730'>speakleash/Bielik-11B-v3-Base-20250730</a>,🧠,1.92,11168796672.0,32128.0,32768.0,✓,✗,(✓),✓,56.54 ± 1.60 / 59.27 ± 2.98,57.84 ± 1.71 / 48.59 ± 2.92,22.48 ± 3.99 / 52.60 ± 5.42,68.14 ± 2.03 / 46.51 ± 1.73,16.10.0,16.10.0,16.10.0,16.10.0
<a href='https://hf.co/google/gemma-3n-E4B-it'>google/gemma-3n-E4B-it</a>,📝,1.93,7849978192.0,262400.0,8192.0,✓,✗,(✓),✓,62.56 ± 0.76 / 73.60 ± 0.59,56.25 ± 1.99 / 41.98 ± 3.39,28.41 ± 1.60 / 62.58 ± 1.73,52.88 ± 0.78 / 22.73 ± 0.77,16.9.0.dev0,16.9.0.dev0,16.9.0.dev0,16.9.0.dev0
<a href='https://hf.co/utter-project/EuroLLM-22B-Preview'>utter-project/EuroLLM-22B-Preview</a>,🧠,1.94,?,128000.0,4096.0,✓,✗,(✓),✓,58.75 ± 2.09 / 66.43 ± 3.12,43.65 ± 2.33 / 39.95 ± 2.38,30.59 ± 3.19 / 62.31 ± 3.26,64.36 ± 1.77 / 42.62 ± 1.79,16.5.0.dev0,16.5.0.dev0,16.5.0.dev0,16.6.0.dev0
<a href='https://hf.co/swiss-ai/Apertus-70B-Instruct-2509'>swiss-ai/Apertus-70B-Instruct-2509</a>,📝,1.94,70599864480.0,131072.0,65536.0,✗,✗,(✓),✗,61.24 ± 1.23 / 72.96 ± 1.23,40.19 ± 1.65 / 22.62 ± 1.85,39.34 ± 2.75 / 67.81 ± 2.65,56.81 ± 0.87 / 30.72 ± 1.12,16.4.0.dev0,16.4.0.dev0,16.4.0.dev0,16.4.0.dev0
"<a href='https://docs.anthropic.com/en/docs/about-claude'>claude-sonnet-4-5-20250929#no-thinking (zero-shot, val)</a>",📝,1.95,?,?,200000.0,✓,✗,✗,✓,57.75 ± 2.23 / 64.32 ± 1.97,64.75 ± 2.44 / 60.86 ± 1.83,21.33 ± 3.13 / 46.56 ± 1.94,59.08 ± 0.91 / 31.71 ± 1.22,16.4.0.dev0,16.4.0.dev0,16.4.0.dev0,16.4.0.dev0
<a href='https://hf.co/Qwen/Qwen3-4B'>Qwen/Qwen3-4B#no-thinking</a>,📝,1.96,4022468096.0,151936.0,40960.0,✓,✗,✗,✓,61.43 ± 0.82 / 73.47 ± 0.96,47.92 ± 1.57 / 33.04 ± 2.23,31.28 ± 1.51 / 65.31 ± 0.73,58.37 ± 0.93 / 34.96 ± 1.46,16.4.0.dev0,16.4.0.dev0,16.4.0.dev0,16.4.0.dev0
<a href='https://hf.co/google/rembert'>google/rembert</a>,🔍,1.99,575922690.0,250300.0,512.0,✓,✗,(✓),✓,50.80 ± 4.22 / 66.52 ± 2.76,71.27 ± 1.66 / 69.23 ± 1.96,34.27 ± 7.66 / 65.26 ± 6.53,34.09 ± 1.44 / 24.26 ± 1.28,16.6.0.dev0,16.6.0.dev0,16.6.0.dev0,16.6.0.dev0
<a href='https://hf.co/nvidia/NVIDIA-Nemotron-3-Nano-30B-A3B-FP8'>nvidia/NVIDIA-Nemotron-3-Nano-30B-A3B-FP8 (val)</a>,🤔,2.00,30491811840.0,131072.0,262144.0,✓,✗,✗,✓,51.19 ± 1.11 / 63.30 ± 0.76,67.17 ± 1.60 / 64.57 ± 1.58,26.51 ± 1.67 / 54.34 ± 1.07,47.41 ± 0.74 / 24.03 ± 1.20,17.1.0.dev0,17.1.0.dev0,17.1.0.dev0,17.1.0.dev0
<a href='https://hf.co/allenai/Olmo-3.1-32B-Instruct-SFT'>allenai/Olmo-3.1-32B-Instruct-SFT</a>,📝,2.00,32233522176.0,100278.0,65536.0,✗,✗,(✓),✓,61.48 ± 1.35 / 74.20 ± 1.05,51.45 ± 1.45 / 42.13 ± 3.00,19.84 ± 1.97 / 55.31 ± 4.12,62.03 ± 2.74 / 35.72 ± 3.38,16.9.0.dev0,16.9.0.dev0,16.9.0.dev0,16.9.0.dev0
<a href='https://hf.co/nvidia/NVIDIA-Nemotron-3-Nano-30B-A3B-BF16'>nvidia/NVIDIA-Nemotron-3-Nano-30B-A3B-BF16#no-thinking</a>,📝,2.01,31577937344.0,131072.0,262144.0,✓,✗,✗,✓,57.13 ± 1.67 / 71.61 ± 1.14,54.91 ± 1.43 / 49.95 ± 2.44,23.46 ± 1.63 / 61.30 ± 0.84,60.54 ± 1.21 / 38.94 ± 1.27,16.10.0.dev0,16.10.0.dev0,16.10.0.dev0,16.10.0.dev0
<a href='https://hf.co/utter-project/EuroLLM-22B-Instruct-Preview'>utter-project/EuroLLM-22B-Instruct-Preview</a>,📝,2.01,22637328384.0,128000.0,4096.0,✓,✗,(✓),✓,61.58 ± 1.20 / 71.32 ± 1.22,39.23 ± 1.55 / 28.92 ± 2.02,30.70 ± 2.23 / 60.09 ± 3.51,60.15 ± 1.34 / 36.43 ± 1.56,16.4.0.dev0,16.4.0.dev0,16.4.0.dev0,16.4.0.dev0
<a href='https://hf.co/INSAIT-Institute/MamayLM-Gemma-3-12B-IT-v1.0'>INSAIT-Institute/MamayLM-Gemma-3-12B-IT-v1.0</a>,📝,2.02,12187325040.0,262144.0,8192.0,✗,✗,(✓),✗,64.08 ± 0.85 / 73.04 ± 1.05,58.33 ± 1.88 / 38.20 ± 2.87,42.16 ± 1.80 / 70.20 ± 0.94,18.23 ± 0.94 / 0.00 ± 0.00,16.10.0.dev0,16.10.0.dev0,16.10.0.dev0,16.10.0.dev0
<a href='https://hf.co/FacebookAI/xlm-roberta-large'>FacebookAI/xlm-roberta-large</a>,🔍,2.02,561192082.0,250002.0,512.0,✓,✗,(✓),✓,61.77 ± 1.19 / 74.13 ± 1.00,79.61 ± 1.08 / 78.85 ± 0.89,19.14 ± 12.25 / 53.78 ± 9.85,30.58 ± 1.45 / 20.74 ± 1.20,16.6.0.dev0,16.6.0.dev0,16.6.0.dev0,16.6.0.dev0
<a href='https://hf.co/google/gemma-4-31B'>google/gemma-4-31B (val)</a>,🧠,2.02,31273088876.0,262144.0,8192.0,✓,✗,(✓),✓,53.53 ± 1.62 / 64.94 ± 0.88,58.47 ± 1.93 / 54.13 ± 1.98,16.90 ± 2.68 / 57.71 ± 1.50,64.71 ± 1.51 / 41.42 ± 1.21,17.1.0.dev0,17.1.0.dev0,17.1.0.dev0,17.1.0.dev0
<a href='https://hf.co/jhu-clsp/mmBERT-base'>jhu-clsp/mmBERT-base</a>,🔍,2.02,307531778.0,256000.0,8192.0,✓,✗,(✓),✓,46.95 ± 5.90 / 63.77 ± 3.94,75.25 ± 1.82 / 74.49 ± 1.69,36.70 ± 2.16 / 67.22 ± 1.87,27.73 ± 1.03 / 18.14 ± 1.01,16.5.0.dev0,16.6.0.dev0,16.6.0.dev0,16.6.0.dev0
"<a href='https://platform.openai.com/docs/models/gpt-5.4-nano'>openai/gpt-5.4-nano-2026-03-17#low (zero-shot, val)</a>",🤔,2.05,?,?,400000.0,✓,✗,✗,✓,58.20 ± 0.77 / 61.12 ± 0.69,44.93 ± 1.51 / 34.99 ± 1.47,32.31 ± 1.85 / 62.43 ± 1.02,54.99 ± 0.39 / 25.03 ± 0.53,17.0.0.dev0,17.0.0.dev0,17.0.0.dev0,17.0.0.dev0
<a href='https://hf.co/speakleash/Bielik-11B-v3.0-Instruct'>speakleash/Bielik-11B-v3.0-Instruct</a>,📝,2.06,11168796672.0,32128.0,32768.0,✓,✗,(✓),✓,63.76 ± 0.80 / 74.13 ± 0.74,56.68 ± 1.71 / 42.72 ± 2.55,34.89 ± 2.43 / 60.51 ± 2.37,27.71 ± 1.39 / 0.34 ± 0.12,16.10.0,16.10.0,16.10.0,16.10.0
<a href='https://hf.co/google/gemma-4-E2B-it'>google/gemma-4-E2B-it (val)</a>,📝,2.06,5123178979.0,262144.0,8192.0,✓,✗,(✓),✓,55.56 ± 0.87 / 69.76 ± 0.66,47.66 ± 1.37 / 44.04 ± 2.14,25.96 ± 1.19 / 61.91 ± 0.88,58.17 ± 0.73 / 33.07 ± 1.04,17.1.0.dev0,17.1.0.dev0,17.1.0.dev0,17.1.0.dev0
<a href='https://hf.co/BSC-LT/ALIA-40b'>BSC-LT/ALIA-40b</a>,🧠,2.07,40433885184.0,256000.0,32768.0,✓,✗,(✓),✓,63.15 ± 1.54 / 71.17 ± 2.06,50.33 ± 1.36 / 46.36 ± 1.37,17.47 ± 6.06 / 46.86 ± 6.78,62.74 ± 1.77 / 40.95 ± 2.08,16.8.0.dev0,16.8.0.dev0,16.8.0.dev0,16.8.0.dev0
<a href='https://hf.co/intfloat/multilingual-e5-large'>intfloat/multilingual-e5-large</a>,🔍,2.08,559890946.0,250002.0,512.0,✓,✗,(✓),✗,60.96 ± 1.95 / 72.74 ± 2.06,75.78 ± 1.99 / 75.93 ± 2.20,22.34 ± 10.65 / 60.09 ± 6.02,28.71 ± 2.10 / 18.20 ± 2.30,16.4.0.dev0,16.4.0.dev0,16.4.0.dev0,16.4.0.dev0
<a href='https://hf.co/mistralai/Ministral-3-3B-Base-2512'>mistralai/Ministral-3-3B-Base-2512 (val)</a>,🧠,2.09,3849090048.0,131072.0,8192.0,✓,✗,(✓),✓,53.90 ± 1.13 / 53.32 ± 0.79,55.62 ± 1.68 / 50.61 ± 2.53,17.41 ± 3.70 / 46.67 ± 3.59,64.88 ± 1.50 / 44.35 ± 1.43,17.0.0.dev0,17.0.0.dev0,17.0.0.dev0,17.0.0.dev0
<a href='https://hf.co/allenai/Olmo-3-1125-32B'>allenai/Olmo-3-1125-32B</a>,🧠,2.09,32233522176.0,100278.0,65536.0,✓,✗,(✓),✓,57.86 ± 1.22 / 66.20 ± 1.68,48.78 ± 1.27 / 42.46 ± 3.48,17.72 ± 1.89 / 49.78 ± 2.85,68.57 ± 1.25 / 42.57 ± 1.02,16.8.0.dev0,16.8.0.dev0,16.8.0.dev0,16.8.0.dev0
<a href='https://hf.co/nvidia/NVIDIA-Nemotron-3-Nano-30B-A3B-Base-BF16'>nvidia/NVIDIA-Nemotron-3-Nano-30B-A3B-Base-BF16 (val)</a>,🧠,2.10,31577937344.0,131072.0,262144.0,✓,✗,✗,✓,56.18 ± 1.06 / 61.63 ± 1.20,51.72 ± 1.76 / 40.28 ± 2.39,17.94 ± 2.12 / 50.84 ± 2.27,65.38 ± 0.99 / 43.40 ± 1.00,17.1.0.dev0,17.1.0.dev0,17.1.0.dev0,17.1.0.dev0
<a href='https://hf.co/google/gemma-3n-E2B-it'>google/gemma-3n-E2B-it</a>,📝,2.11,5439438272.0,262400.0,8192.0,✓,✗,(✓),✓,60.94 ± 1.03 / 71.33 ± 0.85,45.25 ± 1.83 / 28.95 ± 1.77,24.67 ± 1.60 / 60.32 ± 1.50,55.35 ± 0.95 / 29.38 ± 2.40,16.11.0.dev0,16.11.0.dev0,16.11.0.dev0,16.11.0.dev0
<a href='https://hf.co/speakleash/Bielik-11B-v2.3-Instruct'>speakleash/Bielik-11B-v2.3-Instruct (val)</a>,📝,2.12,11168796672.0,32128.0,32768.0,✓,✓,(✓),✓,60.12 ± 1.43 / 67.45 ± 1.15,45.19 ± 1.76 / 36.94 ± 2.00,24.92 ± 2.47 / 47.72 ± 2.51,54.14 ± 0.75 / 28.49 ± 1.16,17.0.0.dev0,17.0.0.dev0,17.0.0.dev0,17.0.0.dev0
<a href='https://hf.co/Qwen/Qwen3.5-9B'>Qwen/Qwen3.5-9B (val)</a>,🤔,2.13,9653100528.0,248044.0,8192.0,✓,✗,(✓),✓,55.58 ± 1.09 / 61.26 ± 1.33,55.73 ± 2.44 / 53.65 ± 2.12,36.53 ± 1.10 / 61.29 ± 0.98,30.03 ± 0.94 / 20.60 ± 0.96,17.1.0.dev0,17.1.0.dev0,17.1.0.dev0,17.1.0.dev0
<a href='https://hf.co/allenai/Llama-3.1-Tulu-3-8B-SFT'>allenai/Llama-3.1-Tulu-3-8B-SFT</a>,📝,2.14,8030326784.0,128264.0,131072.0,✓,✗,(✓),✓,64.17 ± 1.24 / 75.92 ± 0.87,41.36 ± 2.19 / 33.90 ± 2.48,17.03 ± 1.34 / 46.65 ± 1.85,61.84 ± 1.52 / 38.29 ± 1.61,16.9.0.dev0,16.9.0.dev0,16.9.0.dev0,16.9.0.dev0
<a href='https://hf.co/speakleash/Bielik-11B-v2.6-Instruct'>speakleash/Bielik-11B-v2.6-Instruct</a>,📝,2.14,11168796672.0,32128.0,32768.0,✓,✗,(✓),✓,62.54 ± 1.76 / 73.93 ± 1.20,56.49 ± 1.41 / 37.18 ± 3.53,34.83 ± 1.94 / 66.90 ± 1.16,24.15 ± 1.47 / 1.07 ± 0.94,16.10.0,16.10.0,16.10.0,16.10.0
<a href='https://hf.co/LGAI-EXAONE/EXAONE-4.0-32B'>LGAI-EXAONE/EXAONE-4.0-32B (val)</a>,📝,2.16,32003216384.0,102400.0,131072.0,✗,✗,(✓),✗,50.03 ± 1.75 / 63.72 ± 1.31,52.23 ± 1.37 / 38.45 ± 2.42,21.17 ± 2.19 / 56.32 ± 1.48,61.23 ± 0.80 / 35.66 ± 0.96,17.0.0.dev0,17.0.0.dev0,17.0.0.dev0,17.0.0.dev0
<a href='https://hf.co/allenai/Olmo-3.1-32B-Think'>allenai/Olmo-3.1-32B-Think (val)</a>,🤔,2.17,32233522176.0,100278.0,65536.0,✗,✗,(✓),✓,53.47 ± 1.80 / 63.91 ± 1.51,59.72 ± 1.84 / 58.79 ± 1.73,16.55 ± 1.96 / 47.66 ± 1.70,50.64 ± 0.81 / 30.87 ± 0.88,17.1.0.dev0,17.1.0.dev0,17.1.0.dev0,17.1.0.dev0
<a href='https://hf.co/meta-llama/Llama-3.1-8B'>meta-llama/Llama-3.1-8B</a>,🧠,2.17,8030261248.0,128256.0,131072.0,✓,✗,(✓),✓,60.11 ± 0.94 / 67.38 ± 1.34,51.09 ± 1.97 / 46.45 ± 2.33,9.53 ± 4.18 / 41.81 ± 5.02,66.87 ± 2.14 / 45.52 ± 2.40,16.5.0.dev0,16.4.0.dev0,16.5.0.dev0,16.4.0.dev0
<a href='https://hf.co/utter-project/EuroLLM-22B-Instruct-2512'>utter-project/EuroLLM-22B-Instruct-2512</a>,📝,2.17,22637328384.0,128000.0,32768.0,✓,✗,(✓),✓,58.36 ± 1.54 / 66.40 ± 1.22,50.96 ± 1.87 / 30.72 ± 2.27,38.53 ± 1.41 / 66.97 ± 1.52,29.52 ± 1.78 / 14.83 ± 1.62,16.8.0.dev0,16.8.0.dev0,16.8.0.dev0,16.8.0.dev0
<a href='https://hf.co/mistralai/Ministral-3-3B-Base-2512'>mistralai/Ministral-3-3B-Base-2512</a>,🧠,2.18,4251743232.0,131072.0,8192.0,✓,✗,(✓),✓,51.69 ± 0.79 / 50.94 ± 0.43,49.54 ± 1.99 / 46.02 ± 3.30,14.03 ± 4.98 / 46.61 ± 5.68,66.44 ± 3.41 / 46.04 ± 3.17,16.12.0.dev0,16.12.0.dev0,16.12.0.dev0,16.12.0.dev0
<a href='https://hf.co/allenai/Olmo-3-7B-Think'>allenai/Olmo-3-7B-Think (val)</a>,🤔,2.19,7298011136.0,100278.0,65536.0,✗,✗,(✓),✓,50.78 ± 1.13 / 59.08 ± 0.74,68.71 ± 1.57 / 65.00 ± 1.32,15.59 ± 3.16 / 53.02 ± 1.83,44.14 ± 0.95 / 24.70 ± 1.30,17.1.0.dev0,17.1.0.dev0,17.1.0.dev0,17.1.0.dev0
<a href='https://hf.co/lapa-llm/lapa-v0.1.2-instruct'>lapa-llm/lapa-v0.1.2-instruct</a>,📝,2.19,12187325040.0,262144.0,8192.0,✗,✗,(✓),✗,65.10 ± 1.10 / 74.98 ± 1.00,51.96 ± 1.57 / 37.33 ± 2.06,37.53 ± 1.58 / 68.07 ± 1.40,20.12 ± 1.91 / 0.00 ± 0.00,16.9.0.dev0,16.9.0.dev0,16.9.0.dev0,16.9.0.dev0
<a href='https://hf.co/mistralai/Ministral-3-3B-Reasoning-2512'>mistralai/Ministral-3-3B-Reasoning-2512</a>,📝,2.20,?,?,?,✓,✗,(✓),✓,60.71 ± 1.52 / 73.76 ± 1.24,36.98 ± 1.72 / 23.59 ± 2.57,20.80 ± 4.06 / 53.52 ± 5.21,62.37 ± 1.07 / 38.23 ± 2.25,16.17.0,16.17.0,16.17.0,16.17.0
<a href='https://hf.co/openai/gpt-oss-20b'>openai/gpt-oss-20b#high</a>,🤔,2.20,21511953984.0,201088.0,131072.0,✓,✗,✗,✓,53.24 ± 0.93 / 59.81 ± 0.94,47.64 ± 2.05 / 42.63 ± 2.21,25.80 ± 1.67 / 55.84 ± 1.13,53.39 ± 0.83 / 29.07 ± 0.93,16.12.0.dev0,16.12.0.dev0,16.12.0.dev0,16.12.0.dev0
"<a href='https://platform.openai.com/docs/models/gpt-5.4-nano'>openai/gpt-5.4-nano-2026-03-17#none (zero-shot, val)</a>",🤔,2.20,?,?,400000.0,✓,✗,✗,✓,56.97 ± 0.77 / 62.23 ± 0.67,39.39 ± 0.81 / 19.17 ± 0.61,23.83 ± 1.47 / 57.40 ± 0.82,55.68 ± 0.64 / 26.43 ± 0.60,17.0.0.dev0,17.0.0.dev0,17.0.0.dev0,17.0.0.dev0
<a href='https://hf.co/allenai/Olmo-3.1-32B-Instruct-DPO'>allenai/Olmo-3.1-32B-Instruct-DPO</a>,📝,2.20,32233522176.0,100278.0,65536.0,✗,✗,(✓),✓,61.48 ± 1.55 / 74.18 ± 1.22,37.93 ± 0.73 / 28.57 ± 1.75,22.23 ± 1.80 / 59.28 ± 2.10,57.67 ± 0.84 / 31.75 ± 0.98,16.9.0.dev0,16.9.0.dev0,16.9.0.dev0,16.9.0.dev0
<a href='https://hf.co/ibm-granite/granite-4.0-micro'>ibm-granite/granite-4.0-micro</a>,📝,2.21,3402836480.0,100352.0,131072.0,✓,✗,(✓),✗,55.29 ± 1.00 / 62.40 ± 0.62,48.43 ± 1.83 / 41.44 ± 2.87,22.83 ± 1.70 / 58.32 ± 1.89,52.67 ± 2.03 / 32.73 ± 1.96,16.8.0.dev0,16.8.0.dev0,16.8.0.dev0,16.8.0.dev0
"<a href='https://platform.openai.com/docs/models/gpt-4.1-nano'>gpt-4.1-nano-2025-04-14 (zero-shot, val)</a>",📝,2.21,?,?,1047576.0,✓,✗,✗,✓,54.95 ± 1.93 / 56.78 ± 1.19,38.32 ± 1.79 / 26.13 ± 1.32,35.39 ± 3.14 / 63.38 ± 1.76,46.85 ± 1.32 / 19.28 ± 1.19,16.4.0.dev0,16.4.0.dev0,16.4.0.dev0,16.4.0.dev0
<a href='https://hf.co/nvidia/NVIDIA-Nemotron-Nano-9B-v2'>nvidia/NVIDIA-Nemotron-Nano-9B-v2</a>,🤔,2.22,8888227328.0,131072.0,131072.0,✓,✗,✗,✓,53.62 ± 0.75 / 62.11 ± 0.82,51.14 ± 0.71 / 42.69 ± 0.83,22.61 ± 2.28 / 61.09 ± 1.15,51.94 ± 1.03 / 31.10 ± 1.46,16.4.0.dev0,16.4.0.dev0,16.4.0.dev0,16.4.0.dev0
<a href='https://hf.co/utter-project/EuroLLM-9B'>utter-project/EuroLLM-9B</a>,🧠,2.23,9152319488.0,128000.0,4096.0,✓,✗,(✓),✓,58.05 ± 2.57 / 68.08 ± 2.90,40.59 ± 2.40 / 30.68 ± 2.99,20.97 ± 1.65 / 58.82 ± 1.34,59.39 ± 1.59 / 39.59 ± 2.39,16.5.0.dev0,16.5.0.dev0,16.5.0.dev0,16.6.0.dev0
<a href='https://hf.co/Qwen/Qwen3.5-2B'>Qwen/Qwen3.5-2B (val)</a>,📝,2.23,2274067232.0,248044.0,8192.0,✓,✗,(✓),✓,53.52 ± 1.42 / 65.50 ± 1.04,44.48 ± 1.73 / 30.13 ± 1.58,25.50 ± 2.67 / 53.61 ± 3.17,53.74 ± 0.59 / 30.71 ± 0.67,16.17.0.dev0,16.17.0.dev0,16.17.0.dev0,16.17.0.dev0
<a href='https://hf.co/allenai/OLMo-2-0325-32B-Instruct'>allenai/OLMo-2-0325-32B-Instruct</a>,📝,2.23,32234279936.0,100352.0,4096.0,✗,✗,(✓),✓,61.20 ± 1.16 / 72.50 ± 1.20,45.10 ± 1.05 / 21.38 ± 0.85,23.65 ± 1.48 / 58.91 ± 1.60,48.95 ± 0.78 / 21.48 ± 0.96,16.4.0.dev0,16.4.0.dev0,16.4.0.dev0,16.4.0.dev0
<a href='https://hf.co/google/gemma-3-4b-pt'>google/gemma-3-4b-pt</a>,🧠,2.25,4300079472.0,262144.0,8192.0,✓,✗,(✓),✓,62.56 ± 1.07 / 73.19 ± 1.46,41.19 ± 2.40 / 38.14 ± 2.07,11.42 ± 2.61 / 51.79 ± 3.90,61.11 ± 1.41 / 38.91 ± 1.84,16.9.0.dev0,16.9.0.dev0,16.9.0.dev0,16.9.0.dev0
<a href='https://hf.co/Qwen/Qwen3.5-2B-Base'>Qwen/Qwen3.5-2B-Base (val)</a>,🧠,2.25,2274067232.0,248044.0,8192.0,✓,✗,(✓),✓,53.78 ± 0.71 / 57.30 ± 0.77,50.85 ± 1.93 / 42.36 ± 2.32,14.35 ± 2.42 / 51.65 ± 2.54,60.40 ± 1.04 / 39.34 ± 1.39,17.1.0.dev0,17.1.0.dev0,17.1.0.dev0,17.1.0.dev0
<a href='https://hf.co/deepcogito/cogito-v1-preview-llama-8B'>deepcogito/cogito-v1-preview-llama-8B</a>,📝,2.26,8030261248.0,128256.0,131072.0,✓,✗,(✓),✗,59.72 ± 1.17 / 70.66 ± 0.92,40.14 ± 2.23 / 25.42 ± 1.52,32.25 ± 1.94 / 65.06 ± 1.39,39.32 ± 4.12 / 9.63 ± 2.42,16.9.0.dev0,16.9.0.dev0,16.9.0.dev0,16.9.0.dev0
<a href='https://hf.co/google/gemma-4-26B-A4B'>google/gemma-4-26B-A4B (val)</a>,🧠,2.26,25805936206.0,262144.0,8192.0,✓,✗,(✓),✓,51.54 ± 2.61 / 65.52 ± 1.59,45.79 ± 2.06 / 36.99 ± 2.35,15.97 ± 2.72 / 57.71 ± 1.38,62.69 ± 1.09 / 37.23 ± 0.64,17.1.0.dev0,17.1.0.dev0,17.1.0.dev0,17.1.0.dev0
<a href='https://hf.co/speakleash/Bielik-11B-v2.3-Instruct'>speakleash/Bielik-11B-v2.3-Instruct</a>,📝,2.27,11168796672.0,32128.0,32768.0,✓,✓,(✓),✓,59.78 ± 1.16 / 68.04 ± 1.52,42.54 ± 0.88 / 33.45 ± 2.95,20.09 ± 3.90 / 46.34 ± 4.43,52.54 ± 1.42 / 25.27 ± 2.69,16.11.0.dev0,16.11.0.dev0,16.11.0.dev0,16.11.0.dev0
<a href='https://hf.co/meta-llama/Llama-3.1-8B-Instruct'>meta-llama/Llama-3.1-8B-Instruct</a>,📝,2.27,8030261248.0,128256.0,131072.0,✓,✗,(✓),✓,58.98 ± 1.12 / 68.88 ± 1.17,41.02 ± 1.72 / 28.95 ± 1.61,21.35 ± 1.99 / 57.16 ± 2.09,55.44 ± 0.87 / 26.10 ± 0.76,16.4.0.dev0,16.4.0.dev0,16.4.0.dev0,16.4.0.dev0
<a href='https://hf.co/allenai/Olmo-3.1-32B-Instruct'>allenai/Olmo-3.1-32B-Instruct</a>,📝,2.28,32233522176.0,100278.0,65536.0,✗,✗,(✓),✓,61.04 ± 1.60 / 73.94 ± 1.19,40.19 ± 1.39 / 31.37 ± 2.35,18.50 ± 2.22 / 56.29 ± 2.61,56.81 ± 0.65 / 32.52 ± 1.37,16.9.0.dev0,16.9.0.dev0,16.9.0.dev0,16.9.0.dev0
<a href='https://hf.co/CohereLabs/tiny-aya-water'>CohereLabs/tiny-aya-water (val)</a>,📝,2.31,3349227520.0,262144.0,500000.0,✗,✗,(✓),✓,54.97 ± 1.73 / 64.52 ± 1.64,46.92 ± 3.06 / 29.60 ± 3.42,14.22 ± 6.10 / 55.78 ± 3.47,54.69 ± 2.01 / 32.18 ± 1.82,16.16.1.dev0,16.16.1.dev0,16.16.1.dev0,16.16.1.dev0
<a href='https://hf.co/arcee-ai/Trinity-Mini'>arcee-ai/Trinity-Mini (val)</a>,🤔,2.32,26123974400.0,200192.0,131072.0,✗,✗,(✓),✗,49.77 ± 2.78 / 60.02 ± 1.89,48.61 ± 1.46 / 40.53 ± 1.46,25.07 ± 2.19 / 62.04 ± 1.28,46.67 ± 0.89 / 29.71 ± 0.98,16.17.0.dev0,16.17.0.dev0,16.17.0.dev0,16.17.0.dev0
<a href='https://hf.co/upstage/SOLAR-10.7B-v1.0'>upstage/SOLAR-10.7B-v1.0</a>,🧠,2.35,10731524096.0,32000.0,4096.0,✓,✗,(✓),✗,52.07 ± 0.69 / 50.55 ± 0.37,55.84 ± 1.40 / 44.93 ± 2.93,1.52 ± 4.01 / 34.40 ± 1.01,65.14 ± 1.50 / 43.48 ± 1.47,16.4.0.dev0,16.4.0.dev0,16.4.0.dev0,16.4.0.dev0
<a href='https://hf.co/ibm-granite/granite-4.0-h-micro'>ibm-granite/granite-4.0-h-micro</a>,📝,2.35,3191396096.0,100352.0,131072.0,✓,✗,(✓),✗,55.97 ± 1.49 / 64.09 ± 1.73,40.65 ± 1.68 / 34.08 ± 1.46,16.94 ± 1.60 / 50.05 ± 2.96,56.70 ± 0.84 / 35.45 ± 0.88,16.8.0.dev0,16.8.0.dev0,16.8.0.dev0,16.8.0.dev0
<a href='https://hf.co/kurakurai/Luth-1.7B-Instruct'>kurakurai/Luth-1.7B-Instruct</a>,📝,2.35,1720574976.0,151936.0,40960.0,✗,✗,(✓),✗,52.67 ± 1.27 / 62.48 ± 1.55,34.91 ± 1.81 / 27.62 ± 2.15,19.49 ± 0.94 / 58.57 ± 1.04,59.67 ± 1.44 / 35.87 ± 1.58,16.4.0.dev0,16.4.0.dev0,16.4.0.dev0,16.4.0.dev0
<a href='https://hf.co/CohereLabs/tiny-aya-global'>CohereLabs/tiny-aya-global (val)</a>,📝,2.37,3349227520.0,262144.0,500000.0,✗,✗,(✓),✓,55.71 ± 1.25 / 65.29 ± 1.34,47.51 ± 4.19 / 29.22 ± 3.57,13.06 ± 4.45 / 55.67 ± 2.61,53.25 ± 1.87 / 31.18 ± 1.74,16.16.1.dev0,16.16.1.dev0,16.16.1.dev0,16.16.1.dev0
<a href='https://hf.co/jhu-clsp/mmBERT-small'>jhu-clsp/mmBERT-small</a>,🔍,2.37,140642306.0,256000.0,8192.0,✓,✗,(✓),✓,38.88 ± 2.42 / 58.12 ± 2.06,73.30 ± 1.78 / 72.67 ± 1.79,25.08 ± 5.80 / 61.87 ± 2.97,23.40 ± 1.07 / 14.65 ± 0.82,16.6.0.dev0,16.6.0.dev0,16.6.0.dev0,16.6.0.dev0
<a href='https://hf.co/intfloat/multilingual-e5-base'>intfloat/multilingual-e5-base</a>,🔍,2.38,278044162.0,250002.0,512.0,✓,✗,(✓),✗,55.66 ± 2.00 / 69.37 ± 1.70,76.19 ± 2.75 / 77.48 ± 2.35,14.12 ± 6.66 / 54.32 ± 4.76,17.64 ± 2.17 / 10.73 ± 1.48,16.5.0.dev0,16.6.0.dev0,16.6.0.dev0,16.6.0.dev0
<a href='https://hf.co/allenai/Olmo-3-1025-7B'>allenai/Olmo-3-1025-7B</a>,🧠,2.42,7298011136.0,100278.0,65536.0,✓,✗,(✓),✓,52.97 ± 1.21 / 61.47 ± 1.86,42.43 ± 2.29 / 30.95 ± 3.65,12.63 ± 1.22 / 51.44 ± 3.60,56.96 ± 1.03 / 36.51 ± 1.15,16.9.0.dev0,16.9.0.dev0,16.9.0.dev0,16.9.0.dev0
<a href='https://hf.co/swiss-ai/Apertus-8B-2509'>swiss-ai/Apertus-8B-2509</a>,🧠,2.45,8053338176.0,131072.0,65536.0,✓,✗,(✓),✗,56.22 ± 0.99 / 58.51 ± 1.60,33.26 ± 3.76 / 31.10 ± 2.54,10.57 ± 3.52 / 42.86 ± 3.79,60.54 ± 1.66 / 35.93 ± 2.43,16.10.1.dev0,16.10.1.dev0,16.10.1.dev0,16.10.1.dev0
<a href='https://hf.co/baidu/ERNIE-4.5-21B-A3B-PT'>baidu/ERNIE-4.5-21B-A3B-PT</a>,📝,2.47,21948655808.0,103424.0,131072.0,✓,✗,(✓),✗,55.15 ± 1.49 / 68.57 ± 1.27,40.81 ± 0.72 / 33.20 ± 2.32,10.38 ± 2.96 / 49.41 ± 3.68,57.29 ± 1.19 / 32.83 ± 1.24,16.9.0.dev0,16.9.0.dev0,16.9.0.dev0,16.9.0.dev0
<a href='https://hf.co/CohereLabs/tiny-aya-base'>CohereLabs/tiny-aya-base (val)</a>,🧠,2.48,3349227520.0,262144.0,500000.0,✗,✗,(✓),✓,56.09 ± 1.67 / 60.23 ± 1.91,38.76 ± 5.42 / 37.25 ± 5.55,3.90 ± 4.10 / 41.21 ± 4.60,65.47 ± 1.94 / 43.62 ± 2.30,16.16.1.dev0,16.16.1.dev0,16.16.1.dev0,16.16.1.dev0
<a href='https://hf.co/google/gemma-3-4b-it'>google/gemma-3-4b-it</a>,📝,2.49,4300079472.0,262144.0,8192.0,✓,✗,(✓),✓,57.54 ± 1.23 / 69.04 ± 1.35,44.34 ± 0.99 / 35.16 ± 1.30,23.66 ± 2.18 / 61.13 ± 1.26,26.70 ± 2.85 / 7.54 ± 1.51,16.9.0.dev0,16.9.0.dev0,16.9.0.dev0,16.9.0.dev0
<a href='https://hf.co/Qwen/Qwen3.5-4B'>Qwen/Qwen3.5-4B (val)</a>,🤔,2.50,4659861248.0,248044.0,8192.0,✓,✗,(✓),✓,55.04 ± 1.10 / 62.57 ± 1.02,45.40 ± 1.86 / 43.74 ± 1.89,22.76 ± 0.97 / 44.96 ± 1.16,28.62 ± 0.96 / 19.47 ± 0.51,17.1.0.dev0,17.1.0.dev0,17.1.0.dev0,17.1.0.dev0
<a href='https://hf.co/utter-project/EuroLLM-9B-Instruct'>utter-project/EuroLLM-9B-Instruct</a>,📝,2.51,9152319488.0,128000.0,4096.0,✗,✗,(✓),✓,59.97 ± 1.64 / 70.76 ± 1.55,42.52 ± 1.42 / 25.49 ± 2.78,19.20 ± 3.22 / 49.96 ± 4.96,30.37 ± 10.47 / 8.26 ± 10.52,16.4.0.dev0,16.4.0.dev0,16.4.0.dev0,16.4.0.dev0
<a href='https://hf.co/HuggingFaceTB/SmolLM3-3B-Base'>HuggingFaceTB/SmolLM3-3B-Base</a>,🧠,2.56,3075098624.0,128256.0,65536.0,✓,✗,✗,✓,56.28 ± 1.93 / 65.12 ± 2.23,42.21 ± 2.01 / 36.19 ± 2.87,1.96 ± 2.27 / 34.80 ± 1.31,56.67 ± 2.28 / 36.41 ± 2.21,16.9.0.dev0,16.9.0.dev0,16.9.0.dev0,16.9.0.dev0
<a href='https://hf.co/allenai/Olmo-3-7B-Think'>allenai/Olmo-3-7B-Think</a>,🤔,2.57,7298011136.0,100278.0,65536.0,✗,✗,(✓),✓,38.82 ± 3.32 / 56.54 ± 1.27,58.03 ± 1.68 / 52.75 ± 2.00,10.41 ± 1.83 / 50.48 ± 2.29,45.04 ± 1.17 / 24.71 ± 1.47,16.14.0.dev0,16.14.0.dev0,16.14.0.dev0,16.14.0.dev0
<a href='https://hf.co/Qwen/Qwen3-1.7B'>Qwen/Qwen3-1.7B#no-thinking</a>,📝,2.57,2031739904.0,151936.0,40960.0,✓,✗,✗,✓,50.29 ± 0.72 / 56.36 ± 2.22,32.56 ± 1.68 / 24.64 ± 1.81,16.26 ± 1.46 / 55.25 ± 1.33,53.22 ± 1.21 / 32.59 ± 1.40,16.9.0.dev0,16.9.0.dev0,16.9.0.dev0,16.9.0.dev0
<a href='https://hf.co/occiglot/occiglot-7b-eu5-instruct'>occiglot/occiglot-7b-eu5-instruct</a>,📝,2.57,7241748480.0,32002.0,32768.0,✗,✗,(✓),✗,54.02 ± 2.36 / 63.66 ± 3.50,38.05 ± 3.40 / 30.11 ± 2.22,6.49 ± 1.94 / 49.67 ± 3.48,56.65 ± 1.21 / 27.18 ± 1.61,16.4.0.dev0,16.4.0.dev0,16.4.0.dev0,16.4.0.dev0
<a href='https://hf.co/Qwen/Qwen3.5-0.8B'>Qwen/Qwen3.5-0.8B (val)</a>,📝,2.58,873436192.0,248044.0,8192.0,✓,✗,(✓),✓,45.18 ± 1.29 / 63.22 ± 1.04,42.89 ± 1.75 / 36.88 ± 2.13,14.96 ± 2.31 / 47.75 ± 2.02,48.45 ± 0.69 / 26.82 ± 0.83,16.17.0.dev0,16.17.0.dev0,16.17.0.dev0,16.17.0.dev0
<a href='https://hf.co/allenai/Olmo-3-7B-Instruct'>allenai/Olmo-3-7B-Instruct</a>,📝,2.68,7298011136.0,100278.0,65536.0,✗,✗,(✓),✓,51.13 ± 0.92 / 66.41 ± 0.63,32.45 ± 1.55 / 27.50 ± 1.75,14.88 ± 2.10 / 54.71 ± 1.93,45.23 ± 1.04 / 23.26 ± 1.57,16.9.0.dev0,16.9.0.dev0,16.9.0.dev0,16.9.0.dev0
<a href='https://hf.co/ibm-granite/granite-4.0-h-tiny'>ibm-granite/granite-4.0-h-tiny</a>,📝,2.70,6939037248.0,100352.0,131072.0,✓,✗,(✓),✗,55.47 ± 1.61 / 63.05 ± 1.70,46.64 ± 1.29 / 35.93 ± 2.10,13.25 ± 1.28 / 46.09 ± 1.76,27.50 ± 0.94 / 1.91 ± 0.85,16.8.0.dev0,16.8.0.dev0,16.8.0.dev0,16.8.0.dev0
<a href='https://hf.co/allenai/Olmo-3-7B-Instruct-DPO'>allenai/Olmo-3-7B-Instruct-DPO</a>,📝,2.74,7298011136.0,100278.0,65536.0,✗,✗,(✓),✓,50.79 ± 0.98 / 66.11 ± 0.72,32.55 ± 1.15 / 26.37 ± 1.79,12.26 ± 1.35 / 53.56 ± 1.80,43.25 ± 1.11 / 19.51 ± 1.36,16.9.0.dev0,16.9.0.dev0,16.9.0.dev0,16.9.0.dev0
<a href='https://hf.co/Qwen/Qwen2.5-1.5B-Instruct'>Qwen/Qwen2.5-1.5B-Instruct</a>,📝,2.75,1543714304.0,151936.0,32768.0,✓,✗,(✓),✓,51.16 ± 1.18 / 66.07 ± 0.99,27.07 ± 0.85 / 16.58 ± 0.81,8.33 ± 1.23 / 52.33 ± 0.96,55.08 ± 1.55 / 33.82 ± 1.33,16.4.0.dev0,16.4.0.dev0,16.4.0.dev0,16.4.0.dev0
<a href='https://hf.co/arcee-ai/AFM-4.5B-Base'>arcee-ai/AFM-4.5B-Base</a>,🧠,2.78,4619184640.0,128004.0,65536.0,✓,✗,(✓),✗,50.62 ± 1.29 / 54.04 ± 1.87,33.56 ± 7.33 / 32.47 ± 6.51,0.67 ± 1.02 / 33.46 ± 0.28,48.36 ± 1.07 / 29.25 ± 1.14,16.10.1.dev0,16.10.1.dev0,16.10.1.dev0,16.10.1.dev0
<a href='https://hf.co/Qwen/Qwen3.5-0.8B-Base'>Qwen/Qwen3.5-0.8B-Base (val)</a>,🧠,2.80,873436192.0,248044.0,8192.0,✓,✗,(✓),✓,42.82 ± 2.09 / 49.63 ± 2.04,39.04 ± 2.03 / 36.31 ± 2.31,0.49 ± 3.00 / 40.85 ± 2.48,49.71 ± 0.95 / 30.98 ± 1.04,17.1.0.dev0,17.1.0.dev0,17.1.0.dev0,17.1.0.dev0
<a href='https://hf.co/Unbabel/Tower-Plus-2B'>Unbabel/Tower-Plus-2B (val)</a>,📝,2.80,2614341888.0,256000.0,8192.0,✗,✗,(✓),✗,39.79 ± 5.74 / 54.71 ± 6.31,31.67 ± 3.36 / 20.09 ± 1.87,12.96 ± 2.89 / 54.90 ± 2.73,51.88 ± 1.60 / 31.63 ± 1.74,16.16.1.dev0,16.16.1.dev0,16.16.1.dev0,16.16.1.dev0
<a href='https://hf.co/allenai/Olmo-3-7B-Instruct-SFT'>allenai/Olmo-3-7B-Instruct-SFT</a>,📝,2.81,7298011136.0,100278.0,65536.0,✗,✗,(✓),✓,48.84 ± 1.05 / 62.75 ± 1.21,34.45 ± 1.64 / 30.28 ± 1.98,6.50 ± 2.66 / 49.93 ± 2.31,44.55 ± 1.49 / 22.31 ± 1.79,16.9.0.dev0,16.9.0.dev0,16.9.0.dev0,16.9.0.dev0
<a href='https://hf.co/tencent/Hunyuan-4B-Instruct'>tencent/Hunyuan-4B-Instruct (val)</a>,🤔,2.86,4221757440.0,120818.0,262144.0,✓,✗,(✓),✓,46.06 ± 0.97 / 60.72 ± 0.67,41.64 ± 1.61 / 35.90 ± 1.44,4.91 ± 2.10 / 52.15 ± 1.12,32.80 ± 0.79 / 0.00 ± 0.00,17.0.0.dev0,17.0.0.dev0,17.0.0.dev0,17.0.0.dev0
<a href='https://hf.co/BSC-LT/salamandra-7b'>BSC-LT/salamandra-7b</a>,🧠,2.88,7768117248.0,256000.0,8192.0,✓,✗,(✓),✓,58.41 ± 0.95 / 63.93 ± 1.73,17.85 ± 2.94 / 17.32 ± 2.83,2.70 ± 2.24 / 35.83 ± 2.11,49.20 ± 1.06 / 28.22 ± 1.37,16.9.0.dev0,16.9.0.dev0,16.9.0.dev0,16.9.0.dev0
<a href='https://hf.co/swiss-ai/Apertus-8B-Instruct-2509'>swiss-ai/Apertus-8B-Instruct-2509</a>,📝,2.90,8053338176.0,131072.0,65536.0,✗,✗,(✓),✗,55.50 ± 1.07 / 62.59 ± 1.70,40.07 ± 1.09 / 25.76 ± 2.52,15.56 ± 2.06 / 50.81 ± 3.07,12.10 ± 1.60 / 0.00 ± 0.00,16.10.1.dev0,16.10.1.dev0,16.10.1.dev0,16.10.1.dev0
<a href='https://hf.co/occiglot/occiglot-7b-eu5'>occiglot/occiglot-7b-eu5</a>,🧠,2.92,7241732096.0,32000.0,32768.0,✓,✗,(✓),✗,29.55 ± 11.69 / 35.42 ± 8.15,42.66 ± 2.88 / 39.79 ± 2.93,0.00 ± 0.00 / 33.36 ± 0.27,59.59 ± 1.52 / 36.96 ± 2.28,16.4.0.dev0,16.4.0.dev0,16.4.0.dev0,16.4.0.dev0
<a href='https://hf.co/google/gemma-4-E4B'>google/gemma-4-E4B (val)</a>,🧠,2.95,7996157418.0,262144.0,8192.0,✓,✗,(✓),✓,35.67 ± 1.20 / 54.37 ± 1.20,24.60 ± 1.72 / 20.56 ± 1.41,2.90 ± 3.39 / 50.85 ± 1.70,57.72 ± 0.91 / 34.69 ± 0.98,17.1.0.dev0,17.1.0.dev0,17.1.0.dev0,17.1.0.dev0
<a href='https://hf.co/meta-llama/Llama-3.2-3B-Instruct'>meta-llama/Llama-3.2-3B-Instruct</a>,📝,2.95,3212749824.0,128256.0,131072.0,✓,✗,(✓),✓,47.48 ± 0.74 / 50.81 ± 1.08,27.04 ± 2.30 / 22.00 ± 2.11,9.67 ± 1.08 / 51.20 ± 1.30,39.74 ± 1.05 / 21.73 ± 1.64,16.4.0.dev0,16.4.0.dev0,16.4.0.dev0,16.4.0.dev0
<a href='https://hf.co/deepcogito/cogito-v1-preview-llama-3B'>deepcogito/cogito-v1-preview-llama-3B</a>,📝,2.96,3606752256.0,128256.0,131072.0,✓,✗,(✓),✗,54.40 ± 1.21 / 64.08 ± 1.59,37.06 ± 1.53 / 29.12 ± 2.01,14.09 ± 1.78 / 50.98 ± 2.88,10.48 ± 1.62 / 0.00 ± 0.00,16.9.0.dev0,16.9.0.dev0,16.9.0.dev0,16.9.0.dev0
<a href='https://hf.co/TrustLLMeu/baseline-7-8b_2-3t-tokens_llama'>TrustLLMeu/baseline-7-8b_2-3t-tokens_llama</a>,🧠,3.00,7799574528.0,100096.0,4096.0,✓,✗,(✓),✗,45.44 ± 4.67 / 62.09 ± 4.11,35.63 ± 2.24 / 29.33 ± 2.57,0.00 ± 0.00 / 33.36 ± 0.27,42.14 ± 1.02 / 25.59 ± 1.73,16.4.0.dev0,16.4.0.dev0,16.4.0.dev0,16.4.0.dev0
<a href='https://hf.co/arcee-ai/AFM-4.5B'>arcee-ai/AFM-4.5B</a>,📝,3.01,4619189760.0,128005.0,65536.0,✓,✗,(✓),✗,55.19 ± 1.15 / 70.21 ± 0.81,27.82 ± 2.54 / 19.08 ± 2.12,14.98 ± 1.06 / 48.61 ± 1.97,14.13 ± 1.28 / 0.00 ± 0.00,16.10.1.dev0,16.10.1.dev0,16.10.1.dev0,16.10.1.dev0
<a href='https://hf.co/tencent/Hunyuan-7B-Instruct'>tencent/Hunyuan-7B-Instruct (val)</a>,🤔,3.03,7504568320.0,128167.0,32768.0,✓,✗,(✓),✓,39.61 ± 1.35 / 56.13 ± 1.00,44.76 ± 1.20 / 30.68 ± 0.85,2.65 ± 1.60 / 51.18 ± 0.80,31.81 ± 0.73 / 0.00 ± 0.00,17.0.0.dev0,17.0.0.dev0,17.0.0.dev0,17.0.0.dev0
<a href='https://hf.co/nvidia/NVIDIA-Nemotron-3-Nano-4B-FP8'>nvidia/NVIDIA-Nemotron-3-Nano-4B-FP8 (val)</a>,🤔,3.07,2680100864.0,131072.0,262144.0,✓,✗,✗,✓,38.07 ± 1.95 / 53.67 ± 1.21,43.04 ± 1.39 / 42.04 ± 1.61,19.83 ± 1.74 / 54.03 ± 1.41,5.22 ± 0.31 / 2.63 ± 0.37,17.1.0.dev0,17.1.0.dev0,17.1.0.dev0,17.1.0.dev0
<a href='https://hf.co/google/gemma-3-1b-pt'>google/gemma-3-1b-pt</a>,🧠,3.10,999885952.0,262144.0,32768.0,✓,✗,(✓),✓,49.61 ± 6.39 / 56.89 ± 7.54,20.07 ± 3.11 / 18.09 ± 3.14,1.76 ± 1.45 / 48.92 ± 2.71,39.77 ± 1.12 / 24.13 ± 1.23,16.9.0.dev0,16.9.0.dev0,16.9.0.dev0,16.9.0.dev0
<a href='https://hf.co/LiquidAI/LFM2-2.6B'>LiquidAI/LFM2-2.6B</a>,📝,3.11,2569272320.0,65536.0,128000.0,✗,✗,(✓),✓,46.01 ± 1.29 / 57.70 ± 1.92,16.53 ± 2.09 / 15.36 ± 1.99,8.90 ± 1.02 / 53.51 ± 0.98,39.87 ± 0.85 / 18.23 ± 1.42,16.4.0.dev0,16.4.0.dev0,16.4.0.dev0,16.4.0.dev0
<a href='https://hf.co/Qwen/Qwen3-0.6B'>Qwen/Qwen3-0.6B#no-thinking</a>,📝,3.16,751632384.0,151936.0,40960.0,✓,✗,✗,✓,39.34 ± 3.70 / 55.84 ± 4.16,31.24 ± 2.78 / 24.68 ± 3.21,1.27 ± 1.88 / 36.84 ± 3.97,33.78 ± 1.24 / 18.97 ± 1.38,16.9.0.dev0,16.9.0.dev0,16.9.0.dev0,16.9.0.dev0
<a href='https://hf.co/Geotrend/distilbert-base-25lang-cased'>Geotrend/distilbert-base-25lang-cased</a>,🔍,3.17,108867577.0,84985.0,512.0,✓,✗,(✓),✗,26.25 ± 6.34 / 48.20 ± 7.04,72.82 ± 1.12 / 73.12 ± 0.93,2.43 ± 3.12 / 42.27 ± 5.68,0.27 ± 0.25 / 0.18 ± 0.19,16.6.0.dev0,16.6.0.dev0,16.6.0.dev0,16.6.0.dev0
<a href='https://hf.co/EuroBERT/EuroBERT-610m'>EuroBERT/EuroBERT-610m</a>,🔍,3.19,755625600.0,128256.0,8192.0,✓,✗,(✓),✓,28.10 ± 6.14 / 48.46 ± 5.84,47.25 ± 7.04 / 46.50 ± 7.02,1.49 ± 1.66 / 41.41 ± 3.84,24.83 ± 1.86 / 16.32 ± 1.81,16.9.0.dev0,16.9.0.dev0,16.9.0.dev0,16.9.0.dev0
<a href='https://hf.co/BSC-LT/salamandra-7b-instruct'>BSC-LT/salamandra-7b-instruct</a>,📝,3.21,7768117248.0,256000.0,8192.0,✓,✗,(✓),✓,55.48 ± 1.24 / 66.63 ± 1.24,19.72 ± 3.01 / 16.35 ± 2.65,6.74 ± 2.57 / 51.47 ± 2.04,15.91 ± 0.71 / 0.08 ± 0.06,16.9.0.dev0,16.9.0.dev0,16.9.0.dev0,16.9.0.dev0
<a href='https://hf.co/arcee-ai/Trinity-Mini-Base'>arcee-ai/Trinity-Mini-Base</a>,📝,3.25,26123974400.0,200192.0,131072.0,✗,✗,(✓),✗,12.25 ± 5.92 / 32.09 ± 4.93,52.99 ± 1.58 / 35.32 ± 4.41,0.14 ± 0.78 / 33.53 ± 0.40,30.21 ± 5.24 / 11.95 ± 3.11,16.11.0.dev0,16.11.0.dev0,16.11.0.dev0,16.11.0.dev0
<a href='https://hf.co/google/gemma-3-1b-it'>google/gemma-3-1b-it</a>,📝,3.29,999885952.0,262144.0,32768.0,✓,✗,(✓),✓,52.25 ± 1.64 / 67.12 ± 1.26,27.46 ± 1.68 / 22.88 ± 2.11,3.40 ± 1.80 / 47.13 ± 3.08,14.01 ± 0.54 / 0.00 ± 0.00,16.9.0.dev0,16.9.0.dev0,16.9.0.dev0,16.9.0.dev0
<a href='https://hf.co/EuroBERT/EuroBERT-210m'>EuroBERT/EuroBERT-210m</a>,🔍,3.29,310266624.0,128256.0,8192.0,✓,✗,(✓),✓,29.56 ± 1.49 / 48.97 ± 2.89,47.92 ± 7.13 / 48.60 ± 6.77,1.96 ± 0.94 / 47.62 ± 2.82,14.61 ± 2.80 / 8.56 ± 2.01,16.9.0.dev0,16.9.0.dev0,16.9.0.dev0,16.9.0.dev0
<a href='https://hf.co/meta-llama/Llama-3.2-1B'>meta-llama/Llama-3.2-1B</a>,🧠,3.30,1235814400.0,128256.0,131072.0,✓,✗,(✓),✓,47.44 ± 1.23 / 49.25 ± 0.95,16.43 ± 4.79 / 16.91 ± 4.07,-1.70 ± 1.36 / 41.90 ± 2.80,38.19 ± 1.35 / 22.62 ± 1.82,16.9.0.dev0,16.9.0.dev0,16.9.0.dev0,16.9.0.dev0
<a href='https://hf.co/AI-Sweden-Models/ModernBERT-large'>AI-Sweden-Models/ModernBERT-large</a>,🔍,3.31,395881664.0,50368.0,8192.0,✓,✗,(✓),✗,25.44 ± 4.08 / 47.31 ± 3.15,49.99 ± 4.69 / 49.62 ± 4.69,1.47 ± 1.76 / 46.17 ± 3.72,16.27 ± 1.48 / 10.46 ± 1.15,16.6.0.dev0,16.6.0.dev0,16.6.0.dev0,16.6.0.dev0
<a href='https://hf.co/arcee-ai/Trinity-Nano-Preview'>arcee-ai/Trinity-Nano-Preview</a>,📝,3.31,6120003328.0,200192.0,131072.0,✓,✗,(✓),✗,7.38 ± 2.60 / 19.85 ± 1.98,43.17 ± 1.49 / 37.49 ± 2.77,2.19 ± 1.85 / 39.99 ± 3.69,43.96 ± 2.48 / 24.23 ± 2.20,16.10.1.dev0,16.10.1.dev0,16.10.1.dev0,16.10.1.dev0
<a href='https://hf.co/google/gemma-4-E2B'>google/gemma-4-E2B (val)</a>,🧠,3.37,5123178979.0,262144.0,8192.0,✓,✗,(✓),✓,23.40 ± 3.53 / 45.94 ± 2.53,11.42 ± 1.68 / 12.09 ± 1.73,1.32 ± 2.43 / 49.69 ± 1.21,50.49 ± 1.22 / 29.35 ± 1.05,17.1.0.dev0,17.1.0.dev0,17.1.0.dev0,17.1.0.dev0
<a href='https://hf.co/yulan-team/YuLan-Mini-Instruct'>yulan-team/YuLan-Mini-Instruct</a>,📝,3.39,2424375168.0,99000.0,28723.0,✗,✗,(✓),✓,28.17 ± 4.89 / 45.63 ± 6.19,30.18 ± 1.96 / 24.99 ± 2.07,2.19 ± 1.39 / 37.19 ± 2.01,26.79 ± 1.85 / 8.36 ± 1.85,16.4.0.dev0,16.4.0.dev0,16.4.0.dev0,16.4.0.dev0
<a href='https://hf.co/answerdotai/ModernBERT-base'>answerdotai/ModernBERT-base</a>,🔍,3.41,149655232.0,50368.0,8192.0,✓,✗,(✓),✓,17.04 ± 2.91 / 43.16 ± 2.37,56.05 ± 1.52 / 56.42 ± 1.64,1.45 ± 1.35 / 46.98 ± 2.05,6.76 ± 0.65 / 3.21 ± 0.32,16.6.0.dev0,16.6.0.dev0,16.6.0.dev0,16.6.0.dev0
<a href='https://hf.co/answerdotai/ModernBERT-large'>answerdotai/ModernBERT-large</a>,🔍,3.50,395881664.0,50368.0,8192.0,✓,✗,(✓),✓,14.57 ± 4.24 / 36.79 ± 4.78,51.08 ± 2.70 / 51.28 ± 2.82,0.09 ± 1.94 / 44.17 ± 2.00,11.10 ± 1.18 / 6.03 ± 0.80,16.6.0.dev0,16.6.0.dev0,16.6.0.dev0,16.6.0.dev0
<a href='https://hf.co/PleIAs/Pleias-3b-Preview'>PleIAs/Pleias-3b-Preview</a>,🧠,3.64,3211926528.0,65536.0,4096.0,✓,✗,(✓),✓,21.11 ± 5.09 / 36.32 ± 5.61,21.53 ± 4.10 / 21.42 ± 3.85,-0.42 ± 1.41 / 41.24 ± 3.87,24.41 ± 1.79 / 14.64 ± 1.00,16.8.0.dev0,16.8.0.dev0,16.8.0.dev0,16.8.0.dev0
<a href='https://hf.co/utter-project/EuroMoE-2.6B-A0.6B-Instruct-Preview'>utter-project/EuroMoE-2.6B-A0.6B-Instruct-Preview</a>,📝,3.67,2611528704.0,128000.0,4096.0,✓,✗,(✓),✓,14.76 ± 4.85 / 32.74 ± 4.54,9.94 ± 3.73 / 10.86 ± 3.04,0.40 ± 2.01 / 38.33 ± 1.84,30.02 ± 3.72 / 9.20 ± 3.37,16.4.0.dev0,16.4.0.dev0,16.4.0.dev0,16.4.0.dev0
<a href='https://hf.co/google/gemma-3-270m'>google/gemma-3-270m</a>,🧠,3.73,268098176.0,262144.0,32768.0,✓,✗,(✓),✓,37.09 ± 3.23 / 42.73 ± 2.08,13.93 ± 5.05 / 13.59 ± 4.83,-0.89 ± 2.12 / 39.41 ± 4.02,5.52 ± 1.42 / 1.53 ± 0.65,16.9.0.dev0,16.9.0.dev0,16.9.0.dev0,16.9.0.dev0
<a href='https://hf.co/arcee-ai/Trinity-Nano-Base'>arcee-ai/Trinity-Nano-Base</a>,📝,3.73,6120003328.0,200192.0,131072.0,✓,✗,(✓),✗,0.94 ± 1.47 / 20.79 ± 1.08,41.49 ± 3.04 / 33.18 ± 4.13,1.76 ± 1.30 / 33.69 ± 0.24,12.66 ± 1.24 / 0.70 ± 0.45,16.11.0.dev0,16.11.0.dev0,16.11.0.dev0,16.11.0.dev0
<a href='https://hf.co/microsoft/Phi-4-reasoning-plus'>microsoft/Phi-4-reasoning-plus (val)</a>,🤔,3.84,14659507200.0,100352.0,32768.0,✓,✗,(✓),✓,3.59 ± 2.02 / 33.93 ± 1.35,25.93 ± 2.82 / 24.65 ± 2.88,5.73 ± 3.60 / 51.11 ± 1.95,9.85 ± 1.01 / 1.06 ± 0.30,17.0.0.dev0,17.0.0.dev0,17.0.0.dev0,17.0.0.dev0
<a href='https://hf.co/PleIAs/Pleias-1.2b-Preview'>PleIAs/Pleias-1.2b-Preview</a>,🧠,3.86,1195468800.0,65536.0,2048.0,✓,✗,(✓),✓,6.49 ± 4.05 / 26.71 ± 3.31,27.08 ± 2.63 / 26.37 ± 2.54,0.05 ± 1.08 / 36.75 ± 3.33,13.30 ± 1.26 / 6.34 ± 1.02,16.9.0.dev0,16.9.0.dev0,16.9.0.dev0,16.9.0.dev0
<a href='https://hf.co/lapa-llm/lapa-12b-pt'>lapa-llm/lapa-12b-pt</a>,📝,3.89,12187325040.0,262144.0,8192.0,✓,✗,(✓),✗,-1.45 ± 2.80 / 24.74 ± 3.64,47.22 ± 1.55 / 36.71 ± 2.78,-0.67 ± 1.47 / 35.13 ± 3.00,1.32 ± 0.21 / 0.00 ± 0.00,16.9.0.dev0,16.9.0.dev0,16.9.0.dev0,16.9.0.dev0
<a href='https://hf.co/meta-llama/Llama-3.2-1B-Instruct'>meta-llama/Llama-3.2-1B-Instruct</a>,📝,3.94,1235814400.0,128256.0,131072.0,✓,✗,(✓),✓,12.17 ± 6.50 / 24.35 ± 5.09,20.80 ± 3.00 / 18.44 ± 2.20,2.06 ± 1.66 / 47.42 ± 2.16,5.30 ± 0.56 / 0.04 ± 0.05,16.9.0.dev0,16.9.0.dev0,16.9.0.dev0,16.9.0.dev0
<a href='https://hf.co/LiquidAI/LFM2.5-1.2B-Instruct'>LiquidAI/LFM2.5-1.2B-Instruct</a>,📝,3.95,1170340608.0,65536.0,128000.0,✗,✗,(✓),✓,28.37 ± 3.30 / 45.30 ± 5.04,4.26 ± 1.56 / 5.32 ± 1.67,0.06 ± 1.44 / 40.32 ± 4.63,5.22 ± 0.59 / 0.40 ± 0.22,16.10.1.dev0,16.10.1.dev0,16.10.1.dev0,16.10.1.dev0
<a href='https://hf.co/baidu/ERNIE-4.5-0.3B-PT'>baidu/ERNIE-4.5-0.3B-PT</a>,📝,3.95,?,103424.0,131072.0,✓,✗,(✓),✗,7.51 ± 2.05 / 34.77 ± 1.96,21.27 ± 2.22 / 20.62 ± 2.14,0.34 ± 1.83 / 42.75 ± 3.70,11.86 ± 1.83 / 4.82 ± 0.99,16.9.0.dev0,16.9.0.dev0,16.9.0.dev0,16.9.0.dev0
<a href='https://hf.co/EuropeanParliament/EUBERT'>EuropeanParliament/EUBERT</a>,🔍,3.96,93990500.0,65636.0,512.0,✓,✗,(✓),✓,20.63 ± 4.69 / 42.25 ± 4.83,10.49 ± 2.05 / 9.97 ± 2.01,2.13 ± 0.81 / 46.76 ± 2.00,0.03 ± 0.04 / 0.02 ± 0.04,16.9.0.dev0,16.9.0.dev0,16.9.0.dev0,16.9.0.dev0
<a href='https://hf.co/google/gemma-3-270m-it'>google/gemma-3-270m-it</a>,📝,3.98,268098176.0,262144.0,32768.0,✓,✗,(✓),✓,21.30 ± 5.42 / 39.16 ± 6.30,13.15 ± 4.32 / 13.00 ± 3.54,-0.01 ± 1.39 / 39.69 ± 3.85,4.43 ± 0.30 / 0.00 ± 0.00,16.9.0.dev0,16.9.0.dev0,16.9.0.dev0,16.9.0.dev0
<a href='https://hf.co/LiquidAI/LFM2-700M'>LiquidAI/LFM2-700M</a>,📝,4.06,742489344.0,65536.0,128000.0,✗,✗,(✓),✓,19.91 ± 3.26 / 33.85 ± 2.72,11.55 ± 2.50 / 11.86 ± 2.01,-0.99 ± 1.46 / 42.88 ± 2.94,2.94 ± 0.30 / 0.00 ± 0.00,16.9.0.dev0,16.9.0.dev0,16.9.0.dev0,16.9.0.dev0
<a href='https://hf.co/LiquidAI/LFM2-1.2B'>LiquidAI/LFM2-1.2B</a>,📝,4.06,1170340608.0,65536.0,128000.0,✗,✗,(✓),✓,12.93 ± 4.18 / 26.97 ± 3.93,13.32 ± 2.66 / 14.06 ± 2.39,1.25 ± 1.27 / 42.91 ± 4.12,3.54 ± 0.22 / 0.00 ± 0.00,16.9.0.dev0,16.9.0.dev0,16.9.0.dev0,16.9.0.dev0
<a href='https://hf.co/HuggingFaceTB/SmolLM2-360M'>HuggingFaceTB/SmolLM2-360M</a>,🧠,4.12,361821120.0,49152.0,8192.0,✓,✗,(✓),✓,0.17 ± 0.73 / 20.16 ± 2.59,20.54 ± 3.00 / 21.65 ± 2.74,0.69 ± 1.11 / 40.05 ± 4.18,5.03 ± 0.62 / 1.77 ± 0.86,16.9.0.dev0,16.9.0.dev0,16.9.0.dev0,16.9.0.dev0
<a href='https://hf.co/PleIAs/Pleias-350m-Preview'>PleIAs/Pleias-350m-Preview</a>,🧠,4.15,353424384.0,65536.0,2048.0,✓,✗,(✓),✓,4.54 ± 3.14 / 26.91 ± 4.13,21.41 ± 4.07 / 20.75 ± 3.92,-0.47 ± 1.19 / 36.19 ± 3.64,3.45 ± 0.76 / 0.81 ± 0.30,16.9.0.dev0,16.9.0.dev0,16.9.0.dev0,16.9.0.dev0
<a href='https://hf.co/HuggingFaceTB/SmolLM2-135M'>HuggingFaceTB/SmolLM2-135M</a>,🧠,4.16,134515008.0,49152.0,8192.0,✓,✗,(✓),✓,2.04 ± 2.00 / 20.60 ± 2.79,15.05 ± 2.30 / 15.32 ± 2.16,0.10 ± 1.63 / 38.15 ± 3.24,2.01 ± 0.64 / 0.52 ± 0.54,16.9.0.dev0,16.9.0.dev0,16.9.0.dev0,16.9.0.dev0
fresh-xlm-roberta-base,🔍,4.22,278885778.0,250002.0,512.0,✓,✗,✗,✓,10.92 ± 3.19 / 29.39 ± 4.01,7.77 ± 4.11 / 7.21 ± 3.86,-0.26 ± 0.91 / 37.08 ± 3.64,0.00 ± 0.00 / 0.00 ± 0.00,16.5.0.dev0,16.5.0.dev0,16.5.0.dev0,16.5.0.dev0
<a href='https://hf.co/LiquidAI/LFM2-350M'>LiquidAI/LFM2-350M</a>,📝,4.24,354483968.0,65536.0,128000.0,✗,✗,(✓),✓,4.59 ± 2.47 / 22.16 ± 2.15,14.29 ± 1.41 / 15.43 ± 0.97,-0.19 ± 2.27 / 41.74 ± 4.13,1.32 ± 0.30 / 0.06 ± 0.08,16.9.0.dev0,16.9.0.dev0,16.9.0.dev0,16.9.0.dev0
<a href='https://hf.co/LiquidAI/LFM2.5-1.2B-Base'>LiquidAI/LFM2.5-1.2B-Base</a>,📝,4.27,1170340608.0,65536.0,128000.0,✗,✗,(✓),✓,0.71 ± 1.72 / 19.00 ± 1.92,7.19 ± 5.08 / 7.93 ± 4.37,0.68 ± 0.89 / 36.99 ± 3.34,3.55 ± 0.22 / 0.00 ± 0.00,16.10.1.dev0,16.10.1.dev0,16.10.1.dev0,16.10.1.dev0
<a href='https://hf.co/HuggingFaceTB/SmolLM2-360M-Instruct'>HuggingFaceTB/SmolLM2-360M-Instruct</a>,📝,4.28,361821120.0,49152.0,8192.0,✓,✗,(✓),✓,-1.30 ± 1.76 / 19.65 ± 2.54,13.68 ± 3.79 / 14.02 ± 3.44,-0.02 ± 1.99 / 42.61 ± 4.71,2.45 ± 0.36 / 0.00 ± 0.00,16.9.0.dev0,16.9.0.dev0,16.9.0.dev0,16.9.0.dev0
<a href='https://hf.co/LiquidAI/LFM2.5-1.2B-Thinking'>LiquidAI/LFM2.5-1.2B-Thinking</a>,🤔,4.29,1170340608.0,65536.0,128000.0,✗,✗,(✓),✓,1.71 ± 1.11 / 17.59 ± 0.81,5.21 ± 1.07 / 5.41 ± 0.97,0.63 ± 2.65 / 48.34 ± 1.64,5.99 ± 1.26 / 2.98 ± 0.88,16.10.1.dev0,16.10.1.dev0,16.10.1.dev0,16.10.1.dev0
<a href='https://hf.co/HuggingFaceTB/SmolLM2-135M-Instruct'>HuggingFaceTB/SmolLM2-135M-Instruct</a>,📝,4.30,134515008.0,49152.0,8192.0,✓,✗,(✓),✓,1.87 ± 1.71 / 18.24 ± 2.63,8.70 ± 2.54 / 10.20 ± 1.85,0.54 ± 0.71 / 34.47 ± 2.29,1.74 ± 0.42 / 0.00 ± 0.00,16.9.0.dev0,16.9.0.dev0,16.9.0.dev0,16.9.0.dev0
<a href='https://hf.co/tiiuae/Falcon-H1-Tiny-Multilingual-100M-Instruct'>tiiuae/Falcon-H1-Tiny-Multilingual-100M-Instruct</a>,📝,4.30,107908288.0,65536.0,262144.0,✓,✗,(✓),✓,1.61 ± 1.33 / 17.08 ± 0.61,8.98 ± 1.17 / 9.31 ± 1.14,-0.57 ± 1.51 / 33.52 ± 0.43,5.99 ± 0.75 / 1.91 ± 0.58,16.11.0.dev0,16.11.0.dev0,16.11.0.dev0,16.11.0.dev0
<a href='https://hf.co/tiiuae/Falcon-H1-Tiny-Multilingual-100M-Base'>tiiuae/Falcon-H1-Tiny-Multilingual-100M-Base</a>,🧠,4.33,107908288.0,65536.0,262144.0,✓,✗,(✓),✓,0.35 ± 2.67 / 22.84 ± 3.94,6.52 ± 2.51 / 7.38 ± 2.65,-0.34 ± 0.78 / 35.92 ± 2.86,3.94 ± 0.38 / 0.56 ± 0.22,16.11.0.dev0,16.11.0.dev0,16.11.0.dev0,16.11.0.dev0
<a href='https://hf.co/AIDC-AI/Marco-Mini-Global-Base'>AIDC-AI/Marco-Mini-Global-Base (val)</a>,📝,4.37,17406164992.0,151936.0,32768.0,✓,✗,(✓),✓,-0.27 ± 1.11 / 15.80 ± 0.34,4.82 ± 1.39 / 4.45 ± 1.30,0.37 ± 0.37 / 33.02 ± 0.53,0.83 ± 0.07 / 0.00 ± 0.00,17.1.0.dev0,17.1.0.dev0,17.1.0.dev0,17.1.0.dev0
<a href='https://hf.co/speakleash/Bielik-1.5B-v3.0-Instruct'>speakleash/Bielik-1.5B-v3.0-Instruct</a>,📝,4.44,1596507648.0,32000.0,8192.0,✓,✗,(✓),✓,0.00 ± 0.00 / 16.84 ± 0.25,0.00 ± 0.00 / 0.00 ± 0.00,1.37 ± 0.77 / 38.91 ± 4.53,0.11 ± 0.04 / 0.00 ± 0.00,16.11.0.dev0,16.11.0.dev0,16.11.0.dev0,16.11.0.dev0
<a href='https://hf.co/PleIAs/Baguettotron'>PleIAs/Baguettotron@refs/pr/6#no-thinking</a>,📝,4.44,320956992.0,65536.0,4096.0,✓,✗,(✓),✓,-0.50 ± 1.55 / 22.88 ± 1.42,0.00 ± 0.00 / 0.00 ± 0.00,0.32 ± 1.42 / 43.62 ± 3.33,0.72 ± 0.09 / 0.00 ± 0.00,16.10.1.dev0,16.10.1.dev0,16.10.1.dev0,16.10.1.dev0
<a href='https://hf.co/PleIAs/Monad'>PleIAs/Monad</a>,🧠,4.45,56656128.0,8192.0,2048.0,✓,✗,(✓),✓,2.27 ± 1.35 / 21.08 ± 1.92,0.00 ± 0.00 / 0.00 ± 0.00,-0.56 ± 1.71 / 43.60 ± 2.84,0.53 ± 0.10 / 0.02 ± 0.04,16.10.1.dev0,16.10.1.dev0,16.10.1.dev0,16.10.1.dev0
<a href='https://hf.co/speakleash/Bielik-4.5B-v3.0-Instruct'>speakleash/Bielik-4.5B-v3.0-Instruct</a>,📝,4.45,4757260288.0,32000.0,32768.0,✓,✗,(✓),✓,0.00 ± 0.00 / 16.84 ± 0.25,0.00 ± 0.00 / 0.00 ± 0.00,0.61 ± 1.42 / 38.03 ± 3.92,0.00 ± 0.00 / 0.00 ± 0.00,16.11.0.dev0,16.11.0.dev0,16.11.0.dev0,16.11.0.dev0
fresh-electra-small,🔍,4.46,13738755.0,32000.0,128.0,✓,✗,✗,✓,3.51 ± 3.23 / 21.18 ± 4.05,0.00 ± 0.00 / 0.00 ± 0.00,-0.52 ± 1.02 / 34.30 ± 1.75,0.00 ± 0.00 / 0.00 ± 0.00,16.5.0.dev0,16.5.0.dev0,16.5.0.dev0,16.6.0.dev0
<a href='https://hf.co/setu4993/LaBSE'>setu4993/LaBSE</a>,🔍,-,470927360.0,501153.0,512.0,✓,✗,(✓),✗,54.12 ± 1.56 / 68.36 ± 1.67,81.94 ± 1.10 / 81.27 ± 0.99,27.41 ± 7.59 / 62.25 ± 3.70,-,16.4.0.dev0,16.4.0.dev0,16.4.0.dev0,-
<a href='https://hf.co/utter-project/EuroMoE-2.6B-A0.6B-Preview'>utter-project/EuroMoE-2.6B-A0.6B-Preview</a>,🧠,-,2611528704.0,128000.0,4096.0,✓,✗,(✓),✓,0.00 ± 0.00 / 16.84 ± 0.25,14.18 ± 3.22 / 13.83 ± 3.08,1.43 ± 1.54 / 44.33 ± 2.69,-,16.4.0.dev0,16.4.0.dev0,16.4.0.dev0,-
<a href='https://hf.co/HuggingFaceTB/SmolLM3-3B'>HuggingFaceTB/SmolLM3-3B#no-thinking</a>,📝,-,3075098624.0,128256.0,65536.0,✓,✗,✗,✓,-,-,-,-,-,-,-,-
